0.0	0.0	98
0.0111319493391	0.0111319493391	97
0.0	-0.0111319493391	97
0.0	-0.0333958511812	97
-0.0111319501301	-0.0445278005204	97
-0.0222639002602	-0.0333958511812	97
0.0	-0.0445278005204	96
0.0111319493391	0.0	96
0.0333958495993	0.0667916991986	96
0.0779236493287	0.189243151421	96
0.100187549589	0.322826549818	95
0.122451449849	0.411882150858	95
0.133583399979	0.456409951379	95
0.133583399979	0.478673850057	95
0.144715349318	0.489805799396	94
0.144715349318	0.489805799396	94
0.133583399979	0.489805799396	94
0.133583399979	0.500937748735	94
0.133583399979	0.489805799396	94
0.133583399979	0.478673850057	93
0.567729449516	0.434146049537	93
1.7254522496	0.345090448496	93
3.51769619998	0.423014100198	93
5.68842644924	0.489805799396	92
8.02613594967	0.500937748735	92
9.27291435	0.500937748735	92
9.95196329924	0.478673850057	92
10.3638454493	0.478673850057	92
10.4862968999	0.467541900718	91
10.4751649498	0.445277998876	91
10.3972412997	0.445277998876	91
10.2859218	0.423014100198	91
10.2079981499	0.411882150858	90
10.1746022995	0.411882150858	90
10.1300744997	0.411882150858	90
10.1078105995	0.411882150858	90
10.1189425496	0.423014100198	90
10.0966786493	0.423014100198	89
10.0966786493	0.423014100198	89
10.0632827997	0.411882150858	89
10.0744147499	0.389618249016	89
10.0855467	0.389618249016	88
10.0744147499	0.400750201519	88
10.0966786493	0.389618249016	88
10.0966786493	0.378486299677	88
10.1078105995	0.400750201519	88
10.1189425496	0.389618249016	87
10.1300744997	0.434146049537	87
10.1523384	0.434146049537	87
10.1523384	0.445277998876	87
10.1634703493	0.423014100198	87
10.1523384	0.411882150858	86
10.1412064499	0.378486299677	86
10.1189425496	0.367354350338	86
10.1078105995	0.400750201519	86
10.1189425496	0.411882150858	85
10.1078105995	0.478673850057	85
10.0521508496	1.32470205045	85
9.98535914963	3.58448789918	85
10.1189425496	6.22276005074	85
10.1968661997	8.88329610098	84
10.2191301	11.4547765502	84
10.1968661997	12.7349508001	84
10.1634703493	13.3806038998	84
10.1300744997	13.7368263008	83
10.0966786493	13.8815416485	83
10.0632827997	13.8370138511	83
10.0521508496	13.7479582501	83
10.0744147499	13.5921109499	82
10.0966786493	13.4807914501	82
10.1078105995	13.4028678016	82
10.1300744997	13.3583400011	82
10.1523384	13.3583400011	82
10.1412064499	13.3472080486	81
10.1412064499	13.3694719504	81
10.1412064499	13.3694719504	81
10.1412064499	13.3806038998	81
10.1300744997	13.3806038998	81
10.1300744997	13.3806038998	80
10.1189425496	13.3806038998	80
10.1189425496	13.3694719504	80
10.1189425496	13.3694719504	80
10.0966786493	13.3806038998	79
10.0855467	13.4028678016	79
10.0744147499	13.4028678016	79
10.0744147499	13.3917358491	79
10.0744147499	13.4139997509	79
10.0744147499	13.4028678016	78
10.1078105995	13.4028678016	78
10.1300744997	13.4028678016	78
9.9408313499	13.1245690491	78
8.90555999966	11.7553392013	77
7.56972599987	9.9742271995	77
5.34333599996	7.06878825114	77
3.57335594984	4.73107875071	77
2.04827879942	2.70506385076	77
0.679048949235	0.823764298553	76
0.111319499719	0.0111319493391	76
-0.12245145064	-0.311694600479	76
-0.211507050099	-0.478673850057	76
-0.20037510076	-0.456409951379	75
-0.11131950051	-0.322826549818	75
0.0333958495993	-0.133583398397	75
0.122451449849	0.0111319493391	75
0.166979249578	0.0556597498595	75
0.189243149839	0.0667916991986	74
0.189243149839	0.0556597498595	74
0.178111199709	0.0333958511812	74
0.166979249578	0.0111319493391	74
0.144715349318	0.0111319493391	74
0.133583399979	0.0	73
0.122451449849	0.0111319493391	73
0.144715349318	0.0111319493391	73
0.133583399979	0.0111319493391	73
0.133583399979	0.0	73
0.133583399979	0.0	72
0.122451449849	0.0	72
0.133583399979	0.0111319493391	72
0.133583399979	0.0111319493391	72
0.133583399979	-0.0111319493391	71
0.133583399979	-0.0111319493391	71
0.133583399979	-0.0222638986782	71
0.122451449849	-0.0222638986782	71
0.133583399979	-0.0222638986782	71
0.166979249578	-0.0222638986782	70
0.166979249578	-0.0333958511812	70
0.155847299448	-0.0222638986782	70
0.166979249578	-0.0333958511812	70
0.155847299448	-0.0222638986782	70
0.133583399979	-0.0111319493391	69
0.211507049308	0.222638999438	69
0.211507049308	0.233770948777	69
0.211507049308	0.233770948777	69
0.189243149839	0.233770948777	69
0.189243149839	0.256034850619	69
0.189243149839	0.256034850619	69
0.189243149839	0.256034850619	69
0.189243149839	0.256034850619	69
0.189243149839	0.256034850619	69
0.189243149839	0.256034850619	69
0.189243149839	0.256034850619	69
0.189243149839	0.256034850619	69
0.189243149839	0.256034850619	69
0.189243149839	0.256034850619	69
0.189243149839	0.256034850619	69
0.189243149839	0.256034850619	69
0.189243149839	0.256034850619	69
0.189243149839	0.256034850619	69
0.189243149839	0.256034850619	69
0.189243149839	0.256034850619	69
0.189243149839	0.256034850619	69
0.189243149839	0.256034850619	69
0.189243149839	0.256034850619	69
0.189243149839	0.256034850619	69
0.189243149839	0.256034850619	69
0.189243149839	0.256034850619	69
0.189243149839	0.256034850619	69
0.189243149839	0.256034850619	69
0.189243149839	0.256034850619	69
0.189243149839	0.256034850619	69
0.189243149839	0.256034850619	69
0.189243149839	0.256034850619	69
0.189243149839	0.256034850619	69
0.189243149839	0.256034850619	69
0.189243149839	0.256034850619	69
0.189243149839	0.256034850619	69
0.189243149839	0.256034850619	69
0.189243149839	0.256034850619	69
0.189243149839	0.256034850619	69
0.189243149839	0.256034850619	69
0.189243149839	0.256034850619	69
0.189243149839	0.256034850619	69
0.189243149839	0.256034850619	69
0.189243149839	0.256034850619	69
0.189243149839	0.256034850619	69
0.189243149839	0.256034850619	69
0.189243149839	0.256034850619	69
0.189243149839	0.256034850619	69
0.189243149839	0.256034850619	69
0.189243149839	0.256034850619	69
0.189243149839	0.256034850619	69
0.189243149839	0.256034850619	69
0.189243149839	0.256034850619	69
0.189243149839	0.256034850619	69
0.189243149839	0.256034850619	69
0.189243149839	0.256034850619	69
0.189243149839	0.256034850619	69
0.189243149839	0.256034850619	69
0.189243149839	0.256034850619	69
0.189243149839	0.256034850619	69
0.189243149839	0.256034850619	69
0.189243149839	0.256034850619	69
0.189243149839	0.256034850619	69
0.189243149839	0.256034850619	69
0.189243149839	0.256034850619	69
0.189243149839	0.256034850619	69
0.189243149839	0.256034850619	69
0.189243149839	0.256034850619	69
0.0	0.0	98
-0.0111319501301	-0.0111319493391	97
-0.0111319501301	0.0	97
0.0	0.0	97
0.0222638994692	0.0	97
0.0222638994692	-0.0111319493391	96
0.0445277997294	-0.0222638986782	96
0.0556597498595	-0.0445277973565	96
0.0667916999896	-0.0667916991986	96
0.0779236501197	-0.0779236485377	96
0.0890555994588	-0.0890555978768	95
0.278298750088	-0.100187547216	95
1.22451450007	-0.0667916991986	95
2.81638334969	0.0445278005204	95
4.96484969949	0.178111202081	94
7.51406625001	0.333958502321	94
8.97235169965	0.423014100198	94
9.84064379952	0.456409951379	94
10.3527135	0.478673850057	94
10.5196927495	0.478673850057	93
10.5308246997	0.44527800204	93
10.4640329997	0.434146052701	93
10.3415815498	0.434146052701	93
10.2413939995	0.434146052701	92
10.1634703501	0.456409951379	92
10.1078105995	0.456409951379	92
10.0855467	0.456409951379	92
10.0744147499	0.456409951379	92
10.0744147499	0.434146052701	91
10.0855467	0.423014100198	91
10.1300744997	0.423014100198	91
10.1300744997	0.423014100198	91
10.1523384	0.411882150858	90
10.1523384	0.423014100198	90
10.1412064499	0.423014100198	90
10.1412064499	0.423014100198	90
10.1078105995	0.411882150858	90
10.1189425496	0.400750201519	89
10.1189425496	0.38961825218	89
10.1078105995	0.38961825218	89
10.1300744997	0.378486299677	89
10.1189425496	0.38961825218	88
10.1189425496	0.411882150858	88
10.1412064499	0.411882150858	88
10.1412064499	0.44527800204	88
10.1634703501	0.456409951379	88
10.1857342496	0.434146052701	87
10.4974288501	0.423014100198	87
11.5327001995	0.400750201519	87
13.1579648995	0.34509045166	87
15.8852926498	0.2894307018	86
17.8890436494	0.300562651139	86
19.35846105	0.356222400999	86
20.1933572995	0.400750201519	86
20.6163713997	0.434146052701	86
20.85014235	0.478673850057	85
20.8835381996	0.523201650577	85
20.8167464996	0.523201650577	85
20.7165589501	0.512069701238	85
20.5941074994	0.512069701238	85
20.5384477496	0.478673850057	84
20.4939199498	0.44527800204	84
20.4716560496	0.423014100198	84
20.4493921501	0.434146052701	84
20.4605240994	0.423014100198	83
20.4493921501	0.411882150858	83
20.4382602	0.400750201519	83
20.4382602	0.411882150858	83
20.4493921501	0.400750201519	83
20.4605240994	0.423014100198	82
20.4605240994	0.44527800204	82
20.4716560496	0.456409951379	82
20.4716560496	0.456409951379	82
20.4827879997	0.478673850057	81
20.4605240994	0.478673850057	81
20.4493921501	0.478673850057	81
20.4382602	0.48980580256	81
20.4382602	0.48980580256	81
20.4271282498	0.478673850057	80
20.4493921501	0.512069701238	80
20.4605240994	0.523201650577	80
20.4493921501	0.879424051576	80
20.3603365499	2.15959830151	80
20.4048643496	4.83126630109	79
20.5273157994	7.56972599987	79
20.5607116498	10.0521508512	79
20.5829755501	12.2117491527	79
20.5495796997	13.1245690523	78
20.5050519	13.5921109499	78
20.4716560496	13.8370138511	78
20.4048643496	13.8704097023	78
20.3826004501	13.7813541013	77
20.3714685	13.6700346016	77
20.3714685	13.5475831525	77
20.3826004501	13.4585275515	77
20.4048643496	13.4362636528	77
20.4271282498	13.4139997509	76
20.4382602	13.3917358523	76
20.4493921501	13.4139997509	76
20.4493921501	13.4251317003	76
20.4716560496	13.4362636528	75
20.4716560496	13.4251317003	75
20.4827879997	13.4139997509	75
20.4716560496	13.4028678016	75
20.4716560496	13.3806038998	75
20.4605240994	13.3917358523	74
20.4493921501	13.4028678016	74
20.4382602	13.4139997509	74
20.4382602	13.4362636528	74
20.4493921501	13.4362636528	74
20.4493921501	13.4473956021	73
20.4493921501	13.4473956021	73
20.4382602	13.4585275515	73
20.4271282498	13.4696595008	73
20.4382602	13.4807914501	72
20.4493921501	13.4585275515	72
20.4493921501	13.4585275515	72
20.4493921501	13.4473956021	72
20.4605240994	13.4362636528	72
20.4605240994	13.4362636528	71
20.4605240994	13.4362636528	71
20.4827879997	13.4473956021	71
20.4827879997	13.4362636528	71
20.4716560496	13.4362636528	70
20.4827879997	13.4362636528	70
20.4716560496	13.4362636528	70
20.4605240994	13.4473956021	70
20.4716560496	13.4473956021	70
20.4605240994	13.4362636528	69
20.4493921501	13.4362636528	69
20.4605240994	13.4362636528	69
20.4605240994	13.4473956021	69
20.4716560496	13.4362636528	69
20.4827879997	13.4139997509	68
20.4939199498	13.4139997509	68
20.4939199498	13.3917358523	68
20.4939199498	13.4028678016	68
20.4716560496	13.4139997509	67
20.4605240994	13.4473956021	67
20.4716560496	13.4362636528	67
20.4827879997	13.4251317003	67
20.5941074994	13.5698470512	67
20.6052394495	13.5698470512	67
20.6052394495	13.5698470512	67
20.6052394495	13.5698470512	67
20.6052394495	13.5698470512	67
20.6052394495	13.5587151018	67
20.6052394495	13.5587151018	67
20.6052394495	13.5587151018	67
20.6052394495	13.5587151018	67
20.6052394495	13.5587151018	67
20.6052394495	13.5587151018	67
20.6052394495	13.5587151018	67
20.6052394495	13.5587151018	67
20.6052394495	13.5587151018	67
20.6052394495	13.5587151018	67
20.6052394495	13.5587151018	67
20.6052394495	13.5587151018	67
20.6052394495	13.5587151018	67
20.6052394495	13.5587151018	67
20.6052394495	13.5587151018	67
20.6052394495	13.5587151018	67
20.6052394495	13.5587151018	67
20.6052394495	13.5587151018	67
20.6052394495	13.5587151018	67
20.6052394495	13.5587151018	67
20.6052394495	13.5587151018	67
20.6052394495	13.5587151018	67
20.6052394495	13.5587151018	67
20.6052394495	13.5587151018	67
20.6052394495	13.5587151018	67
20.6052394495	13.5587151018	67
20.6052394495	13.5587151018	67
20.6052394495	13.5587151018	67
20.6052394495	13.5587151018	67
20.6052394495	13.5587151018	67
20.6052394495	13.5587151018	67
20.6052394495	13.5587151018	67
20.6052394495	13.5587151018	67
20.6052394495	13.5587151018	67
20.6052394495	13.5587151018	67
20.6052394495	13.5587151018	67
20.6052394495	13.5587151018	67
20.6052394495	13.5587151018	67
20.6052394495	13.5587151018	67
20.6052394495	13.5587151018	67
20.6052394495	13.5587151018	67
20.6052394495	13.5587151018	67
20.6052394495	13.5587151018	67
20.6052394495	13.5587151018	67
20.6052394495	13.5587151018	67
20.6052394495	13.5587151018	67
20.6052394495	13.5587151018	67
20.6052394495	13.5587151018	67
20.6052394495	13.5587151018	67
20.6052394495	13.5587151018	67
20.6052394495	13.5587151018	67
20.6052394495	13.5587151018	67
20.6052394495	13.5587151018	67
20.6052394495	13.5587151018	67
20.6052394495	13.5587151018	67
20.6052394495	13.5587151018	67
20.6052394495	13.5587151018	67
20.6052394495	13.5587151018	67
20.6052394495	13.5587151018	67
20.6052394495	13.5587151018	67
-0.0111319493391	0.0222639018421	98
-0.0333958495993	0.0445278005204	97
-0.0445277997294	0.0667916991986	97
-0.0556597498595	0.0779236517016	97
0.0	0.0667916991986	97
1.0241394001	0.0556597498595	97
2.60487630038	0.155847300239	96
4.73107874992	0.2894307018	96
7.28029530044	0.445277998876	96
8.76084465034	0.545465549256	96
9.68479650007	0.601125299115	95
10.1412064507	0.623389200957	95
10.4306371501	0.623389200957	95
10.4529010503	0.601125299115	95
10.4195052	0.601125299115	95
10.2970537501	0.589993349776	94
10.2079981506	0.567729451098	94
10.1412064507	0.556597501759	94
10.0855467	0.556597501759	94
10.0410189003	0.545465549256	93
10.018755	0.534333599916	93
10.018755	0.545465549256	93
10.0076230507	0.534333599916	93
10.018755	0.556597501759	93
10.018755	0.567729451098	92
10.018755	0.556597501759	92
10.0076230507	0.545465549256	92
10.0076230507	0.545465549256	92
10.0076230507	0.556597501759	91
10.1078106003	0.567729451098	91
10.9315749004	0.578861400437	91
12.4121242503	0.556597501759	91
14.4937989001	0.545465549256	91
17.1098071506	0.512069701238	90
18.6794121	0.500937751899	90
19.6590237004	0.523201650577	90
20.2267531507	0.545465549256	90
20.4493921501	0.567729451098	89
20.4939199506	0.601125299115	89
20.4271282506	0.601125299115	89
20.3046768	0.601125299115	89
20.1822253501	0.578861400437	89
20.1043017	0.545465549256	88
20.0263780499	0.523201650577	88
19.9929822003	0.523201650577	88
19.9929822003	0.489805799396	88
19.9929822003	0.478673850057	87
20.0041141504	0.500937751899	87
20.4827880005	0.512069701238	87
21.6516427499	0.523201650577	87
24.0004842005	0.523201650577	87
26.2157422503	0.500937751899	86
28.0747779006	0.478673850057	86
29.2992923999	0.478673850057	86
29.9226816001	0.489805799396	86
30.3234318	0.523201650577	85
30.4236193504	0.567729451098	85
30.4013554501	0.601125299115	85
30.3122998507	0.601125299115	85
30.2121123003	0.601125299115	85
30.1341886502	0.589993349776	84
30.056265	0.578861400437	84
29.9894733001	0.556597501759	84
29.9672094006	0.534333599916	84
29.9449455003	0.523201650577	83
29.9672094006	0.523201650577	83
29.9783413499	0.512069701238	83
29.9894733001	0.512069701238	83
30.0006052502	0.523201650577	83
30.0340011006	0.534333599916	82
30.0228691504	0.534333599916	82
29.9894733001	0.512069701238	82
29.9894733001	0.512069701238	82
29.9783413499	0.512069701238	81
29.8224940505	0.512069701238	81
28.8651463504	0.534333599916	81
27.2398816504	0.512069701238	81
24.1340676004	0.478673850057	81
20.7499548004	0.456409951379	80
16.8649042501	0.411882150858	80
12.85740225	0.322826549818	80
8.05953180006	0.24490290128	80
4.75334265018	0.1447153509	79
2.09280659994	0.0333958511812	79
0.0667916999896	-0.0333958480173	79
-0.489805799396	-0.0556597498595	79
-0.745840650015	-0.0779236485377	79
-0.756972599354	-0.0890556010407	78
-0.556597499386	-0.0890556010407	78
-0.289430699427	-0.0667916991986	78
-0.0556597498595	-0.0556597498595	78
0.0779236501197	-0.0667916991986	78
0.144715350109	-0.0890556010407	77
0.166979250369	-0.0779236485377	77
0.166979250369	-0.0779236485377	77
0.144715350109	-0.0445278005204	77
0.12245145064	-0.0445278005204	76
0.10018755038	-0.0333958480173	76
0.0890556002497	-0.0333958480173	76
0.0779236501197	-0.0333958480173	76
0.0779236501197	-0.0333958480173	76
0.0890556002497	-0.0445278005204	75
0.0890556002497	-0.0445278005204	75
0.10018755038	-0.0556597498595	75
0.10018755038	-0.0445278005204	75
0.10018755038	-0.0667916991986	75
0.0890556002497	-0.0779236485377	74
0.0779236501197	-0.0890556010407	74
0.0556597506504	-0.0890556010407	74
0.0445278005204	-0.0890556010407	74
0.0333958503903	-0.0890556010407	74
0.0445278005204	-0.0779236485377	73
0.0445278005204	-0.0779236485377	73
0.0445278005204	-0.0779236485377	73
0.0779236501197	-0.20037510076	73
0.0779236501197	-0.222638999438	73
0.0667916999896	-0.233770948777	73
0.0667916999896	-0.233770948777	73
0.0667916999896	-0.233770948777	73
0.0667916999896	-0.233770948777	73
0.0667916999896	-0.233770948777	73
0.0667916999896	-0.233770948777	73
0.0667916999896	-0.233770948777	73
0.0667916999896	-0.233770948777	73
0.0667916999896	-0.233770948777	73
0.0667916999896	-0.233770948777	73
0.0667916999896	-0.233770948777	73
0.0667916999896	-0.233770948777	73
-0.0222639002602	0.0222639018421	98
-0.0222639002602	0.0333958511812	97
-0.0222639002602	0.0445278005204	97
-0.0445277997294	0.0445278005204	97
-0.0445277997294	0.0	97
-0.0556597498595	-0.0111319493391	97
-0.0445277997294	-0.0111319493391	96
0.734708699885	0.0222639018421	96
2.17073025006	0.122451449058	96
4.79787044991	0.300562651139	96
6.91294095011	0.411882150858	95
8.53820565012	0.478673850057	95
9.58460894969	0.512069701238	95
10.1078106003	0.534333599916	95
10.4417691002	0.545465549256	95
10.5085608002	0.523201650577	94
10.4640329997	0.512069701238	94
10.3861093504	0.512069701238	94
10.2747898498	0.500937751899	94
10.1857342504	0.489805799396	93
10.1189425504	0.489805799396	93
10.0744147499	0.478673850057	93
10.0632827997	0.489805799396	93
10.0410189003	0.500937751899	93
10.0298869501	0.478673850057	92
10.4417691002	0.478673850057	92
11.6106238496	0.478673850057	92
13.4139997501	0.467541900718	92
16.1301955502	0.467541900718	91
17.9558353502	0.467541900718	91
19.22487765	0.478673850057	91
19.9150585502	0.500937751899	91
20.3269407003	0.500937751899	91
20.4716560504	0.500937751899	90
20.4827879997	0.512069701238	90
20.3937324002	0.512069701238	90
20.3046768	0.512069701238	90
20.2156211997	0.512069701238	89
20.1376975496	0.489805799396	89
20.0709058496	0.489805799396	89
20.0152460998	0.467541900718	89
20.0041141496	0.434146049537	89
20.0041141496	0.423014100198	88
20.0041141496	0.434146049537	88
20.03751	0.423014100198	88
20.03751	0.423014100198	88
20.0597739003	0.44527800204	87
20.5384477503	0.456409951379	87
21.7295664	0.467541900718	87
24.1006717501	0.478673850057	87
26.3047978497	0.44527800204	87
28.1304376497	0.411882150858	86
29.3549521498	0.423014100198	86
30.0673969502	0.434146049537	86
30.3568276504	0.467541900718	86
30.4570152	0.512069701238	85
30.4236193504	0.556597501759	85
30.3345637501	0.545465549256	85
30.2455081499	0.545465549256	85
30.1564525496	0.534333599916	85
30.0673969502	0.523201650577	84
30.0228691497	0.500937751899	84
30.0006052502	0.478673850057	84
29.9894733001	0.467541900718	84
30.0006052502	0.456409951379	83
30.0228691497	0.44527800204	83
30.0340010998	0.44527800204	83
30.0340010998	0.467541900718	83
30.056265	0.478673850057	83
30.0451330499	0.478673850057	82
30.0340010998	0.467541900718	82
30.0340010998	0.478673850057	82
30.0340010998	0.467541900718	82
30.0451330499	0.478673850057	82
30.0340010998	0.500937751899	81
30.056265	0.500937751899	81
30.056265	0.500937751899	81
30.0451330499	0.523201650577	81
30.0228691497	0.512069701238	80
30.0228691497	0.500937751899	80
29.8336259998	0.512069701238	80
28.5423197998	0.478673850057	80
26.7500758502	0.456409951379	79
24.2008592996	0.456409951379	79
19.9150585502	0.434146049537	79
15.9966121503	0.411882150858	79
12.0002421002	0.34509045166	79
8.19311520004	0.267166799958	78
4.88692605016	0.166979249578	78
2.22638999992	0.0333958511812	78
0.133583399979	-0.111319499719	78
-0.445277999667	-0.189243148257	77
-0.701312850286	-0.222638999438	77
-0.679048950026	-0.256034850619	77
-0.523201649786	-0.222638999438	77
-0.256034849828	-0.189243148257	77
-0.0222639002602	-0.155847300239	76
0.122451449849	-0.10018755038	76
0.178111199709	-0.0779236485377	76
0.211507050099	-0.0667916991986	76
0.211507050099	-0.0667916991986	76
0.189243149839	-0.0667916991986	75
0.189243149839	-0.0667916991986	75
0.166979250369	-0.0667916991986	75
0.144715350109	-0.0890555978768	75
0.122451449849	-0.10018755038	74
0.10018755038	-0.122451449058	74
0.0890556002497	-0.133583398397	74
0.0667916999896	-0.1447153509	74
0.0667916999896	-0.133583398397	74
0.0667916999896	-0.133583398397	73
0.0779236501197	-0.122451449058	73
0.10018755038	-0.122451449058	73
0.10018755038	-0.1447153509	73
0.111319499719	-0.133583398397	73
0.10018755038	-0.133583398397	72
0.111319499719	-0.122451449058	72
0.122451449849	-0.111319499719	72
0.122451449849	-0.122451449058	72
0.111319499719	-0.133583398397	72
0.155847300239	-0.222638999438	72
0.144715350109	-0.222638999438	72
0.133583399979	-0.233770948777	72
0.133583399979	-0.233770948777	72
0.133583399979	-0.233770948777	72
0.133583399979	-0.233770948777	72
0.133583399979	-0.233770948777	72
-0.0111319501301	0.0111319493391	98
-0.0333958503903	0.0222638986782	97
-0.0333958503903	0.0445278005204	97
0.0556597498595	0.0445278005204	97
0.868292099864	0.0667916991986	97
2.34884144976	0.144715347736	97
4.43051609957	0.267166799958	96
6.54558659977	0.400750198355	96
8.2487749499	0.489805799396	96
9.59574089982	0.567729447934	96
10.0855467	0.601125299115	95
10.3861093496	0.601125299115	95
10.4751649498	0.589993349776	95
10.4417690994	0.567729447934	95
10.3638454493	0.556597498595	95
10.2747898498	0.556597498595	94
10.1746022995	0.523201650577	94
10.1078105995	0.523201650577	94
10.0744147499	0.523201650577	94
10.0521508496	0.512069698074	94
10.0298869494	0.523201650577	93
10.0298869494	0.523201650577	93
10.0410188995	0.512069698074	93
10.0521508496	0.523201650577	93
10.3527135	0.534333599916	92
11.4213806998	0.512069698074	92
13.1023051497	0.500937748735	92
15.8073689996	0.500937748735	92
17.7109324497	0.489805799396	91
19.0578983997	0.512069698074	91
19.9373224497	0.534333599916	91
20.2712809496	0.545465549256	91
20.4382602	0.556597498595	91
20.4382602	0.556597498595	90
20.3603365499	0.534333599916	90
20.2935448499	0.534333599916	90
20.2044892496	0.523201650577	90
20.1376975496	0.512069698074	90
20.0931697499	0.512069698074	89
20.0486419494	0.500937748735	89
20.0931697499	0.500937748735	89
20.7499547997	0.489805799396	89
22.0635249	0.445277998876	88
24.56821365	0.400750198355	88
26.6832841494	0.389618249016	88
28.3864724995	0.389618249016	88
29.4662716495	0.423014100198	88
30.1119247499	0.489805799396	87
30.3902235	0.523201650577	87
30.4570152	0.578861400437	87
30.4458832499	0.601125299115	87
30.3568276496	0.589993349776	86
30.2566401	0.556597498595	86
30.1675844998	0.534333599916	86
30.0785288995	0.478673850057	86
30.0228691497	0.467541900718	86
29.9894732993	0.467541900718	85
29.9894732993	0.478673850057	85
29.9783413499	0.478673850057	85
29.9894732993	0.478673850057	85
30.0006052494	0.489805799396	84
30.0006052494	0.500937748735	84
30.0006052494	0.500937748735	84
30.0006052494	0.500937748735	84
29.9894732993	0.512069698074	84
30.0117371995	0.512069698074	83
30.0340010998	0.500937748735	83
30.0340010998	0.500937748735	83
30.0228691497	0.523201650577	83
29.5330633495	0.512069698074	82
27.8410069495	0.500937748735	82
25.6925405997	0.456409948215	82
22.7314418999	0.423014100198	82
19.0467664495	0.367354350338	81
14.1153125996	0.289430698636	81
10.1857342496	0.244902898116	81
6.61237829976	0.178111198918	81
2.9610986998	0.0333958480173	81
0.868292099864	-0.0556597498595	80
-0.18924315063	-0.0890556010407	80
-0.601125300697	-0.155847300239	80
-0.768104550275	-0.166979249578	80
-0.667917000687	-0.178111202081	80
-0.478673850057	-0.166979249578	79
-0.11131950051	-0.0890556010407	79
0.0445277997294	-0.0556597498595	79
0.133583399979	-0.0222639018421	79
0.166979249578	-0.0111319493391	79
0.178111199709	0.0	78
0.155847299448	0.0111319493391	78
0.133583399979	-0.0222639018421	78
0.111319499719	-0.0667916991986	78
0.100187549589	-0.10018755038	77
0.100187549589	-0.10018755038	77
0.100187549589	-0.122451452222	77
0.0890555994588	-0.111319499719	77
0.0890555994588	-0.111319499719	77
0.0667916999896	-0.10018755038	76
0.0779236493287	-0.0890556010407	76
0.0779236493287	-0.0779236517016	76
0.0890555994588	-0.0779236517016	76
0.100187549589	-0.0890556010407	75
0.100187549589	-0.0779236517016	75
0.111319499719	-0.0779236517016	75
0.111319499719	-0.0667916991986	75
0.111319499719	-0.0890556010407	75
0.100187549589	-0.0890556010407	74
0.100187549589	-0.10018755038	74
0.0890555994588	-0.0890556010407	74
0.222638999438	-0.0779236517016	74
0.222638999438	-0.0667916991986	74
0.0	0.0	98
-0.0222639002602	0.0222638986782	98
-0.0333958503903	0.0556597498595	97
-0.0222639002602	0.0667916991986	97
-0.0333958503903	0.0779236485377	97
-0.0445277997294	0.0556597498595	97
0.0890556002497	0.0222638986782	96
0.990743549713	0.0556597498595	96
2.52695265026	0.155847297075	96
5.22088455011	0.311694597315	96
7.24689945005	0.445277998876	96
8.74971270021	0.556597498595	95
9.67366454994	0.601125299115	95
10.1968661997	0.634521147132	95
10.4083732498	0.645653099635	95
10.4529010496	0.645653099635	94
10.3749774002	0.645653099635	94
10.2747898498	0.623389197793	94
10.1857342496	0.612257248454	94
10.1078106003	0.601125299115	94
10.0521508496	0.601125299115	93
10.0076230499	0.589993349776	93
9.98535914963	0.578861397273	93
9.98535914963	0.567729447934	93
9.99649109976	0.567729447934	92
9.98535914963	0.589993349776	92
10.0744147499	0.578861397273	92
11.1876097502	0.578861397273	92
12.79061055	0.578861397273	92
14.9502088499	0.567729447934	91
17.0096196002	0.578861397273	91
18.8797871999	0.589993349776	91
19.7146834502	0.601125299115	91
20.1376975496	0.612257248454	90
20.3937324002	0.601125299115	90
20.4159962997	0.601125299115	90
20.3826004501	0.601125299115	90
20.2601490003	0.601125299115	90
20.1822253501	0.589993349776	89
20.1154336502	0.589993349776	89
20.03751	0.578861397273	89
19.9929821995	0.578861397273	89
19.9484543998	0.556597498595	88
19.9484543998	0.534333599916	88
19.9484543998	0.523201647413	88
19.9484543998	0.534333599916	88
19.9818502502	0.523201647413	88
20.0041141496	0.534333599916	87
20.4939199498	0.556597498595	87
21.6961705496	0.545465549256	87
23.5218103496	0.567729447934	87
26.2825339502	0.567729447934	86
28.1193056996	0.556597498595	86
29.3326882495	0.534333599916	86
29.9338135502	0.545465549256	86
30.3122998499	0.545465549256	86
30.4124874003	0.556597498595	85
30.3790915499	0.589993349776	85
30.2900359496	0.612257248454	85
30.1898484	0.601125299115	85
30.1007927998	0.589993349776	84
30.0451330499	0.578861397273	84
29.9894733001	0.578861397273	84
29.9449454995	0.567729447934	84
29.9338135502	0.545465549256	84
29.9338135502	0.545465549256	83
29.9449454995	0.545465549256	83
29.9672093998	0.534333599916	83
29.9783413499	0.534333599916	83
29.9783413499	0.556597498595	82
30.0006052502	0.556597498595	82
29.9894733001	0.567729447934	82
29.9894733001	0.545465549256	82
29.9894733001	0.556597498595	82
29.9783413499	0.545465549256	81
29.9894733001	0.545465549256	81
29.9894733001	0.556597498595	81
29.9894733001	0.556597498595	81
29.9894733001	0.556597498595	80
29.9560774497	0.578861397273	80
29.3438201996	0.567729447934	80
27.9745903502	0.523201647413	80
25.2472626	0.500937748735	80
22.1525805002	0.456409948215	79
18.4011133499	0.389618249016	79
13.4362636496	0.345090448496	79
9.52894919983	0.278298749297	79
6.02238494998	0.222638999438	78
3.10581404991	0.133583398397	78
0.935083799854	0.0445277973565	78
-0.189243149839	0.0	78
-0.679048950026	-0.0667917023625	78
-0.790368449745	-0.122451452222	77
-0.690180900156	-0.155847300239	77
-0.500937750317	-0.155847300239	77
-0.144715350109	-0.0890556010407	77
0.0111319501301	-0.0556597530234	77
0.100187549589	-0.0222639018421	76
0.144715350109	0.0	76
0.144715350109	0.0111319493391	76
0.122451449849	0.0222638986782	76
0.122451449849	0.0222638986782	76
0.111319499719	0.0	75
0.0890556002497	0.0	75
0.0890556002497	0.0	75
0.0779236501197	0.0	75
0.0779236501197	-0.0222639018421	74
0.0667916999896	-0.0445278005204	74
0.0445277997294	-0.0556597530234	74
0.0222639002602	-0.0667917023625	74
0.0111319501301	-0.0667917023625	74
0.0111319501301	-0.0667917023625	73
0.0111319501301	-0.0556597530234	73
0.0222639002602	-0.0445278005204	73
0.0333958495993	-0.0333958511812	73
0.0445277997294	-0.0445278005204	73
0.0556597498595	-0.0445278005204	72
0.0445277997294	-0.0445278005204	72
0.0556597498595	-0.0445278005204	72
0.0	0.0	98
0.0	-0.0111319493391	97
0.0	-0.0333958511812	97
-0.0111319493391	-0.0445278005204	97
0.10018755038	-0.0222639018421	97
0.968479650244	0.0222638986782	97
2.50468875	0.133583398397	96
4.63089120033	0.278298749297	96
7.23576749992	0.411882150858	96
8.77197660047	0.467541900718	96
9.71819235046	0.489805799396	95
10.1968662005	0.489805799396	95
10.4529010503	0.500937748735	95
10.5308247005	0.467541900718	95
10.4862968999	0.456409948215	95
10.3972413005	0.456409948215	94
10.2859218	0.445277998876	94
10.1968662005	0.445277998876	94
10.1412064507	0.445277998876	94
10.0966786501	0.445277998876	93
10.0855467	0.445277998876	93
10.0632828005	0.467541900718	93
10.0521508504	0.445277998876	93
10.0521508504	0.434146049537	93
10.0410189003	0.445277998876	92
10.0410189003	0.445277998876	92
10.0521508504	0.445277998876	92
10.0632828005	0.456409948215	92
10.1078106003	0.445277998876	91
10.69780395	0.445277998876	91
11.9891101501	0.423014100198	91
14.4715350006	0.389618249016	91
16.6422652499	0.378486299677	91
18.3899814006	0.389618249016	90
19.5254403004	0.400750198355	90
20.1043017	0.423014100198	90
20.4605241002	0.434146049537	90
20.5384477503	0.445277998876	89
20.4827880005	0.456409948215	89
20.3714685	0.434146049537	89
20.2712809504	0.423014100198	89
20.1710934	0.423014100198	89
20.1265656003	0.400750198355	88
20.0820378006	0.389618249016	88
20.0597739003	0.389618249016	88
20.0709058504	0.389618249016	88
20.0709058504	0.411882150858	87
20.0931697499	0.423014100198	87
20.1154336502	0.423014100198	87
20.1265656003	0.400750198355	87
20.1154336502	0.389618249016	87
20.1043017	0.378486299677	86
20.0931697499	0.378486299677	86
20.0709058504	0.400750198355	86
20.2601490003	0.423014100198	86
21.1952328001	0.411882150858	85
22.74257385	0.400750198355	85
25.4253738005	0.367354350338	85
27.4291248002	0.367354350338	85
28.8874102506	0.378486299677	85
29.8781538003	0.411882150858	84
30.2566401	0.456409948215	84
30.4570152	0.489805799396	84
30.4904110504	0.500937748735	84
30.4236193504	0.512069698074	83
30.3345637501	0.523201650577	83
30.2566401	0.512069698074	83
30.1453206003	0.478673850057	83
30.0896608504	0.434146049537	83
30.056265	0.423014100198	82
30.0340011006	0.400750198355	82
30.0451330499	0.400750198355	82
30.0451330499	0.411882150858	82
30.056265	0.423014100198	82
30.0673969502	0.423014100198	81
30.0785289003	0.445277998876	81
30.0673969502	0.456409948215	81
30.056265	0.445277998876	81
30.0451330499	0.467541900718	80
30.0340011006	0.467541900718	80
30.0340011006	0.467541900718	80
30.056265	0.489805799396	80
30.056265	0.500937748735	80
30.0673969502	0.523201650577	79
30.056265	0.512069698074	79
30.0673969502	0.512069698074	79
30.056265	0.512069698074	79
30.056265	0.478673850057	78
30.056265	0.434146049537	78
29.8336260006	0.400750198355	78
28.8206185506	0.389618249016	78
27.1508260501	0.356222397835	77
24.7351929004	0.333958499157	77
20.5718435999	0.311694600479	77
16.6756611003	0.300562647976	77
11.6996794499	0.256034850619	77
7.91481644995	0.20037510076	76
4.67541900006	0.111319499719	76
2.0816746506	-0.0111319493391	76
0.367354350338	-0.111319499719	76
-0.411882150067	-0.155847300239	75
-0.656785049766	-0.20037510076	75
-0.623389199375	-0.233770951941	75
-0.478673850057	-0.233770951941	75
-0.222638999438	-0.222638999438	75
-0.0111319493391	-0.178111202081	74
0.10018755038	-0.155847300239	74
0.166979250369	-0.122451449058	74
0.18924315063	-0.111319499719	74
0.18924315063	-0.0779236517016	74
0.18924315063	-0.0779236517016	73
0.178111200499	-0.0890556010407	73
0.166979250369	-0.10018755038	73
0.144715350109	-0.10018755038	73
0.144715350109	-0.10018755038	73
0.144715350109	-0.111319499719	72
0.144715350109	-0.122451449058	72
0.144715350109	-0.122451449058	72
0.12245145064	-0.1447153509	72
0.12245145064	-0.1447153509	71
0.12245145064	-0.155847300239	71
0.12245145064	-0.1447153509	71
0.12245145064	-0.166979249578	71
0.12245145064	-0.189243151421	71
0.11131950051	-0.20037510076	70
0.12245145064	-0.178111202081	70
0.12245145064	-0.166979249578	70
0.12245145064	-0.166979249578	70
0.133583399979	-0.155847300239	70
0.233770950359	-0.1447153509	70
0.233770950359	-0.133583401561	70
-0.0222639002602	0.0111319493391	98
-0.0222639002602	0.0222638986782	97
-0.0333958503903	0.0333958511812	97
-0.0445278005204	0.0222638986782	97
-0.0333958503903	-0.0111319493391	97
0.189243149839	-0.0111319493391	96
1.19111864968	0.0333958511812	96
3.37298084987	0.189243151421	96
5.57710694952	0.333958499157	96
7.53633014948	0.445277998876	96
8.97235169965	0.523201650577	95
9.92969939977	0.545465549256	95
10.2970537501	0.556597498595	95
10.4751649498	0.556597498595	95
10.4862968999	0.556597498595	94
10.4083732498	0.523201650577	94
10.3081856994	0.523201650577	94
10.2191301	0.512069701238	94
10.1412064499	0.512069701238	94
10.0855467	0.512069701238	93
10.0521508496	0.500937748735	93
10.0298869501	0.500937748735	93
10.0410188995	0.500937748735	93
10.0298869501	0.512069701238	92
10.0298869501	0.500937748735	92
10.018755	0.500937748735	92
10.0076230499	0.500937748735	92
10.0076230499	0.500937748735	92
10.018755	0.512069701238	91
10.0298869501	0.523201650577	91
10.0410188995	0.512069701238	91
10.0410188995	0.512069701238	91
10.0521508496	0.500937748735	90
10.0521508496	0.489805799396	90
10.0966786501	0.478673850057	90
10.0966786501	0.489805799396	90
10.0966786501	0.478673850057	90
10.1078105995	0.500937748735	89
10.0855467	0.489805799396	89
10.0744147499	0.500937748735	89
10.0521508496	0.489805799396	89
10.0521508496	0.478673850057	89
10.0521508496	0.467541900718	88
10.0410188995	0.478673850057	88
10.0632827997	0.456409951379	88
10.0632827997	0.456409951379	88
10.0632827997	0.478673850057	87
10.0855467	0.478673850057	87
10.0855467	0.512069701238	87
10.1078105995	0.523201650577	87
10.1189425496	0.512069701238	87
10.1300744997	0.500937748735	86
10.1189425496	0.478673850057	86
10.0966786501	0.467541900718	86
10.0855467	0.445277998876	86
10.0632827997	0.467541900718	85
10.0632827997	0.489805799396	85
10.0632827997	0.489805799396	85
10.1634703501	0.489805799396	85
11.2655333996	0.500937748735	85
12.8462702998	0.478673850057	84
14.9836046995	0.456409951379	84
17.4994253996	0.434146049537	84
18.9354469498	0.445277998876	84
19.7703432001	0.467541900718	83
20.2044892496	0.489805799396	83
20.4716560496	0.523201650577	83
20.4939199498	0.556597498595	83
20.4382602	0.567729451098	83
20.3492045997	0.567729451098	82
20.2156211997	0.534333599916	82
20.1376975496	0.512069701238	82
20.0709058496	0.489805799396	82
20.0486419494	0.478673850057	81
20.0263780499	0.478673850057	81
20.03751	0.478673850057	81
20.03751	0.467541900718	81
20.0486419494	0.478673850057	81
20.0486419494	0.478673850057	80
20.03751	0.478673850057	80
20.0263780499	0.500937748735	80
20.0263780499	0.489805799396	80
20.0263780499	0.500937748735	80
20.03751	0.523201650577	79
20.0486419494	0.545465549256	79
20.0486419494	0.534333599916	79
20.03751	0.523201650577	79
20.0486419494	0.523201650577	78
19.9373224497	0.523201650577	78
19.09129425	0.478673850057	78
17.5773490498	0.411882150858	78
14.6385142494	0.289430698636	77
11.577228	0.20037510076	77
8.40462225014	0.111319499719	77
5.44352354954	0.0333958511812	77
2.93883479954	-0.0222638986782	77
0.723576749755	-0.0779236485377	76
-0.0890556002497	-0.10018755038	76
-0.445278000458	-0.111319499719	76
-0.567729450307	-0.133583401561	76
-0.478673850057	-0.155847300239	75
-0.300562650349	-0.133583401561	75
-0.0556597498595	-0.111319499719	75
0.100187549589	-0.0890556010407	75
0.166979249578	-0.0890556010407	75
0.189243149839	-0.0890556010407	74
0.166979249578	-0.0779236485377	74
0.133583399979	-0.0779236485377	74
0.111319499719	-0.0779236485377	74
0.0890555994588	-0.0890556010407	74
0.0779236501197	-0.0890556010407	73
0.0779236501197	-0.0890556010407	73
0.0890555994588	-0.0890556010407	73
0.0890555994588	-0.111319499719	73
0.0890555994588	-0.111319499719	73
0.0890555994588	-0.111319499719	72
0.100187549589	-0.10018755038	72
0.100187549589	-0.10018755038	72
0.111319499719	-0.10018755038	72
0.111319499719	-0.111319499719	71
0.100187549589	-0.111319499719	71
0.0890555994588	-0.111319499719	71
0.0890555994588	-0.122451449058	71
0.0890555994588	-0.111319499719	71
0.0890555994588	-0.122451449058	70
0.100187549589	-0.133583401561	70
0.233770949568	-0.20037510076	70
0.233770949568	-0.20037510076	70
0.233770949568	-0.20037510076	70
0.233770949568	-0.20037510076	70
0.233770949568	-0.20037510076	70
0.233770949568	-0.20037510076	70
0.0	0.0	98
0.0111319493391	0.0	97
0.0	0.0	97
0.0111319493391	-0.0333958511812	97
-0.0111319501301	-0.0556597498595	97
-0.0222639002602	-0.0445278005204	97
-0.0111319501301	-0.0445278005204	96
0.0	-0.0445278005204	96
0.0111319493391	-0.0445278005204	96
0.0890555994588	-0.0556597498595	96
1.11319499956	-0.0222638986782	95
2.68279994971	0.0667916991986	95
4.82013434938	0.178111198918	95
7.4027467495	0.333958499157	95
8.89442804953	0.389618249016	95
9.79611599979	0.434146049537	94
10.2302620493	0.456409951379	94
10.5085607994	0.467541900718	94
10.5419566498	0.467541900718	94
10.4862968999	0.456409951379	93
10.3638454493	0.445277998876	93
10.2859218	0.445277998876	93
10.1857342496	0.456409951379	93
10.1300744997	0.434146049537	93
10.0744147499	0.411882150858	92
10.0521508496	0.423014100198	92
10.0298869494	0.423014100198	92
10.0410188995	0.434146049537	92
10.0410188995	0.445277998876	91
10.0632827997	0.445277998876	91
10.0632827997	0.434146049537	91
10.0855467	0.423014100198	91
10.0855467	0.411882150858	91
10.1412064499	0.411882150858	90
10.6310122493	0.411882150858	90
11.8221308997	0.400750201519	90
13.6589026498	0.389618249016	90
16.3639664998	0.367354350338	89
18.1673423995	0.378486299677	89
19.3695929993	0.400750201519	89
20.0931697499	0.400750201519	89
20.3937323994	0.411882150858	89
20.4939199498	0.445277998876	88
20.4939199498	0.445277998876	88
20.4271282498	0.434146049537	88
20.3046768	0.456409951379	88
20.2378851	0.445277998876	88
20.1488294998	0.456409951379	87
20.1265655995	0.456409951379	87
20.1265655995	0.434146049537	87
20.1154336494	0.400750201519	87
20.1043016992	0.378486299677	86
20.0931697499	0.356222400999	86
20.0709058496	0.356222400999	86
20.0709058496	0.367354350338	86
20.0709058496	0.400750201519	86
20.0820377998	0.411882150858	85
20.0820377998	0.411882150858	85
20.0931697499	0.423014100198	85
20.0931697499	0.445277998876	85
20.0820377998	0.456409951379	84
20.0820377998	0.445277998876	84
20.0709058496	0.445277998876	84
20.0820377998	0.456409951379	84
20.1154336494	0.434146049537	84
20.1154336494	0.423014100198	83
20.0152460998	0.445277998876	83
19.2137456999	0.434146049537	83
17.7220643999	0.411882150858	83
14.8166254499	0.322826549818	82
11.7553391997	0.256034850619	82
8.56046954958	0.178111198918	82
5.57710694952	0.0890556010407	82
2.52695264947	-0.0111319493391	82
0.812632350005	-0.0890556010407	81
-0.0111319501301	-0.166979249578	81
-0.378486300468	-0.20037510076	81
-0.523201650577	-0.24490290128	81
-0.467541900718	-0.267166799958	80
-0.300562650349	-0.24490290128	80
-0.0111319501301	-0.178111198918	80
0.100187549589	-0.155847300239	80
0.166979249578	-0.122451449058	80
0.200375099969	-0.0890556010407	79
0.200375099969	-0.0556597498595	79
0.178111199709	-0.0445278005204	79
0.166979249578	-0.0445278005204	79
0.155847299448	-0.0556597498595	79
0.133583399979	-0.0779236485377	78
0.133583399979	-0.133583398397	78
0.122451449849	-0.155847300239	78
0.122451449849	-0.178111198918	78
0.122451449849	-0.189243151421	78
0.133583399979	-0.189243151421	77
0.133583399979	-0.178111198918	77
0.122451449849	-0.166979249578	77
0.122451449849	-0.155847300239	77
0.122451449849	-0.133583398397	76
0.133583399979	-0.133583398397	76
0.133583399979	-0.133583398397	76
0.133583399979	-0.133583398397	76
0.155847299448	-0.133583398397	76
0.155847299448	-0.133583398397	75
0.155847299448	-0.133583398397	75
0.155847299448	-0.155847300239	75
0.166979249578	-0.222638999438	75
0.155847299448	-0.222638999438	75
0.0	0.0	98
0.0	-0.011131952503	97
0.0111319501301	-0.0222639018421	97
0.0222638994692	-0.0333958511812	97
0.0333958495993	-0.0445278005204	97
0.0333958495993	-0.0556597498595	96
0.0556597498595	-0.0556597498595	96
0.0556597498595	-0.0556597498595	96
0.289430699427	-0.0556597498595	96
1.3024381494	-0.0222639018421	96
2.97223064993	0.0890555978768	95
5.13182894986	0.211507050099	95
7.18010775006	0.345090448496	95
9.02801144951	0.467541897554	95
9.86290769978	0.534333599916	95
10.2636578997	0.567729447934	94
10.5085607994	0.578861397273	94
10.5196927495	0.578861397273	94
10.4751649498	0.567729447934	94
10.3861093496	0.556597498595	93
10.2747898498	0.545465549256	93
10.1968661997	0.534333599916	93
10.1300744997	0.523201647413	93
10.0855467	0.523201647413	92
10.0410188995	0.500937748735	92
10.0410188995	0.478673850057	92
10.0521508496	0.467541897554	92
10.0521508496	0.478673850057	92
10.0855467	0.467541897554	91
10.0966786501	0.467541897554	91
10.0966786501	0.500937748735	91
10.1189425496	0.512069698074	91
10.1189425496	0.534333599916	91
10.2859218	0.545465549256	90
11.4993043499	0.534333599916	90
13.1690968497	0.500937748735	90
15.3398270997	0.467541897554	90
17.7888560999	0.423014097034	89
19.1469539999	0.423014097034	89
19.9039266001	0.467541897554	89
20.2935448499	0.512069698074	89
20.4939199498	0.523201647413	89
20.5050519	0.545465549256	88
20.4382602	0.556597498595	88
20.3380726496	0.567729447934	88
20.2267531499	0.556597498595	88
20.1488294998	0.534333599916	87
20.0709058496	0.512069698074	87
20.0597738995	0.500937748735	87
20.0597738995	0.489805799396	87
20.0709058496	0.467541897554	87
20.0709058496	0.478673850057	86
20.0931697499	0.489805799396	86
20.0931697499	0.500937748735	86
20.0931697499	0.467541897554	86
20.0931697499	0.478673850057	85
20.0820377998	0.467541897554	85
20.1154336494	0.478673850057	85
20.1154336494	0.500937748735	85
20.1265655995	0.500937748735	85
20.03751	0.489805799396	84
18.9354469498	0.478673850057	84
17.2990502997	0.445277998876	84
14.8834171499	0.356222397835	84
11.03176245	0.278298749297	83
7.83689279983	0.200375097596	83
4.88692604937	0.100187547216	83
2.48242484974	0.0333958480173	83
0.756972599354	-0.0222639018421	82
-0.178111200499	-0.0556597498595	82
-0.478673850057	-0.0890556010407	82
-0.534333599916	-0.111319502883	82
-0.434146050328	-0.122451452222	82
-0.222639000229	-0.133583401561	81
0.0111319501301	-0.155847300239	81
0.155847299448	-0.178111202081	81
0.200375099969	-0.155847300239	81
0.222638999438	-0.1447153509	81
0.222638999438	-0.111319502883	80
0.200375099969	-0.0890556010407	80
0.178111199709	-0.0779236517016	80
0.155847299448	-0.0667917023625	80
0.144715350109	-0.0556597498595	80
0.144715350109	-0.0556597498595	79
0.144715350109	-0.0667917023625	79
0.144715350109	-0.0667917023625	79
0.155847299448	-0.0667917023625	79
0.155847299448	-0.0779236517016	78
0.166979249578	-0.10018755038	78
0.155847299448	-0.111319502883	78
0.133583399979	-0.122451452222	78
0.122451449849	-0.122451452222	78
0.100187549589	-0.122451452222	77
0.100187549589	-0.122451452222	77
0.100187549589	-0.111319502883	77
0.122451449849	-0.10018755038	77
0.122451449849	-0.0890556010407	77
0.111319499719	-0.111319502883	77
0.122451449849	-0.278298752461	76
0.122451449849	-0.278298752461	76
0.122451449849	-0.2894307018	76
0.122451449849	-0.2894307018	76
0.122451449849	-0.2894307018	76
0.111319499719	-0.300562651139	76
0.111319499719	-0.300562651139	76
0.111319499719	-0.300562651139	76
0.0	0.0111319493391	97
0.0	0.0222638986782	97
0.0	0.0111319493391	97
0.0	-0.0222639018421	97
-0.0222638994692	-0.0445278005204	97
-0.0222638994692	-0.0333958511812	96
0.645653100426	0.0	96
2.01488295061	0.0890555978768	96
4.02976590042	0.222638999438	96
6.23389200008	0.345090448496	95
8.4268861504	0.445277998876	95
9.54008114996	0.478673850057	95
10.1078106003	0.500937748735	95
10.4640330005	0.523201647413	95
10.5419566506	0.512069698074	94
10.5085608002	0.500937748735	94
10.4306371501	0.489805799396	94
10.3081857002	0.478673850057	94
10.2191301	0.478673850057	94
10.1634703501	0.467541897554	93
10.0966786501	0.456409948215	93
10.0966786501	0.467541897554	93
10.1857342504	0.478673850057	93
10.9983666004	0.467541897554	92
12.9130620006	0.445277998876	92
15.0503964003	0.434146049537	92
17.0986752005	0.423014100198	92
18.6571482005	0.445277998876	92
19.6367598001	0.478673850057	91
20.2156212005	0.489805799396	91
20.4382602	0.500937748735	91
20.4827880005	0.500937748735	91
20.4271282506	0.489805799396	90
20.3714685	0.489805799396	90
20.2824129005	0.489805799396	90
20.2044892504	0.467541897554	90
20.1376975504	0.467541897554	90
20.0931697499	0.445277998876	89
20.0709058504	0.445277998876	89
20.03751	0.445277998876	89
20.03751	0.411882147695	89
20.0486419502	0.400750198355	88
20.03751	0.423014100198	88
20.0709058504	0.400750198355	88
20.0709058504	0.411882147695	88
20.0709058504	0.434146049537	88
20.0931697499	0.434146049537	87
20.0931697499	0.478673850057	87
20.1154336502	0.489805799396	87
20.1265656003	0.489805799396	87
20.1376975504	0.467541897554	86
20.1265656003	0.456409948215	86
20.1043017	0.434146049537	86
20.0931697499	0.411882147695	86
20.0709058504	0.434146049537	86
20.0820378006	0.456409948215	85
20.0820378006	0.456409948215	85
20.0820378006	0.456409948215	85
20.0709058504	0.467541897554	85
19.4475166503	0.456409948215	84
18.0894187502	0.434146049537	84
15.3954868504	0.378486299677	84
12.4343881506	0.322826549818	84
9.26178240066	0.267166799958	84
6.20049615048	0.166979249578	83
3.00562650032	0.0333958480173	83
1.13545890061	-0.0556597498595	83
0.10018755038	-0.111319499719	83
-0.322826549818	-0.166979252742	82
-0.534333599916	-0.233770951941	82
-0.489805799396	-0.24490290128	82
-0.356222399417	-0.24490290128	82
-0.0779236501197	-0.211507050099	82
0.12245145064	-0.155847300239	81
0.200375099969	-0.122451452222	81
0.233770950359	-0.111319499719	81
0.233770950359	-0.0779236517016	81
0.200375099969	-0.0667917023625	81
0.178111200499	-0.0779236517016	80
0.144715350109	-0.0667917023625	80
0.12245145064	-0.0779236517016	80
0.11131950051	-0.0890556010407	80
0.11131950051	-0.0779236517016	79
0.12245145064	-0.0779236517016	79
0.12245145064	-0.0779236517016	79
0.11131950051	-0.0890556010407	79
0.12245145064	-0.10018755038	79
0.11131950051	-0.111319499719	78
0.11131950051	-0.111319499719	78
0.12245145064	-0.155847300239	78
0.12245145064	-0.189243151421	78
0.12245145064	-0.189243151421	78
0.12245145064	-0.20037510076	77
0.133583399979	-0.178111202081	77
0.12245145064	-0.155847300239	77
0.12245145064	-0.155847300239	77
0.12245145064	-0.166979252742	77
0.211507050099	-0.256034850619	77
0.222639000229	-0.256034850619	77
0.222639000229	-0.256034850619	77
0.222639000229	-0.256034850619	77
0.222639000229	-0.256034850619	77
