-0.0111319493391	0.0222639018421	98
-0.0333958495993	0.0445278005204	97
-0.0333958495993	0.0667916991986	97
-0.0445277997294	0.0779236517016	97
-0.0556597498595	0.0556597498595	97
-0.0556597498595	0.0111319493391	96
-0.0556597498595	-0.0111319493391	96
-0.0667916999896	0.0	96
-0.0445277997294	-0.0111319493391	96
-0.0333958495993	0.0	96
-0.0222638994692	0.0	95
-0.0111319493391	-0.0111319493391	95
0.0	-0.0333958480173	95
0.0111319501301	-0.0333958480173	95
0.0222639002602	-0.0333958480173	95
0.0333958503903	-0.0333958480173	94
0.0333958503903	-0.0445278005204	94
0.0333958503903	-0.0333958480173	94
0.0333958503903	-0.0333958480173	94
0.0445278005204	-0.0333958480173	93
0.0222639002602	-0.0333958480173	93
0.0222639002602	-0.0333958480173	93
0.0111319501301	-0.0333958480173	93
0.0222639002602	-0.0333958480173	93
0.0222639002602	-0.0222638986782	92
0.0111319501301	-0.0333958480173	92
0.0	-0.0333958480173	92
-0.0111319493391	-0.0333958480173	92
-0.0111319493391	-0.0333958480173	92
-0.0111319493391	-0.0222638986782	91
-0.0111319493391	-0.0222638986782	91
0.0	-0.0222638986782	91
0.0	-0.0111319493391	91
-0.0222638994692	0.0890556010407	91
-0.0333958495993	0.111319499719	91
-0.0445277997294	0.111319499719	91
-0.0445277997294	0.111319499719	91
-0.0445277997294	0.122451449058	91
-0.0445277997294	0.122451449058	91
0.0	0.0	98
-0.0111319501301	-0.0111319493391	97
-0.0111319501301	-0.0333958511812	97
-0.0222639002602	-0.0445278005204	97
-0.0222639002602	-0.0333958511812	97
-0.0111319501301	-0.0445278005204	96
0.0	-0.0333958511812	96
0.0111319493391	-0.0333958511812	96
0.0445277997294	-0.0556597498595	96
0.0445277997294	-0.0667916991986	96
0.0556597498595	-0.0779236485377	95
0.0667916999896	-0.0779236485377	95
0.0667916999896	-0.0779236485377	95
0.0667916999896	-0.111319499719	95
0.0667916999896	-0.10018755038	94
0.0667916999896	-0.111319499719	94
0.0890555994588	-0.122451449058	94
0.0779236493287	-0.122451449058	94
0.0779236493287	-0.122451449058	94
0.0667916999896	-0.122451449058	93
0.0779236493287	-0.111319499719	93
0.0667916999896	-0.111319499719	93
0.0667916999896	-0.122451449058	93
0.0445277997294	-0.122451449058	92
0.0333958495993	-0.111319499719	92
0.0333958495993	-0.122451449058	92
0.0333958495993	-0.111319499719	92
0.0333958495993	-0.111319499719	92
0.0445277997294	-0.111319499719	91
0.0556597498595	-0.111319499719	91
0.0556597498595	-0.133583398397	91
0.0667916999896	-0.1447153509	91
0.0890555994588	-0.155847300239	91
0.0890555994588	-0.155847300239	90
0.100187549589	-0.155847300239	90
0.100187549589	-0.133583398397	90
0.0890555994588	-0.1447153509	90
0.0890555994588	-0.133583398397	89
0.0667916999896	-0.133583398397	89
0.0556597498595	-0.155847300239	89
0.0556597498595	-0.166979249578	89
0.0556597498595	-0.155847300239	89
0.0667916999896	-0.178111198918	88
0.0667916999896	-0.166979249578	88
0.0779236493287	-0.155847300239	88
0.0890555994588	-0.166979249578	88
0.0890555994588	-0.178111198918	88
0.178111199709	-0.411882150858	88
0.178111199709	-0.456409951379	88
0.189243149839	-0.467541900718	88
0.189243149839	-0.467541900718	88
0.189243149839	-0.467541900718	88
0.189243149839	-0.467541900718	88
0.189243149839	-0.467541900718	88
0.189243149839	-0.467541900718	88
0.189243149839	-0.467541900718	88
0.189243149839	-0.467541900718	88
0.189243149839	-0.467541900718	88
0.0111319493391	0.0111319493391	98
0.0	0.0111319493391	97
0.0	-0.0111319493391	97
-0.0111319501301	-0.0333958511812	97
-0.0111319501301	-0.0445278005204	97
-0.0222639002602	-0.0445278005204	96
-0.0111319501301	-0.0445278005204	96
0.0	-0.0445278005204	96
0.0	-0.0445278005204	96
0.0222638994692	-0.0556597498595	96
0.0333958495993	-0.0667916991986	95
0.0445277997294	-0.0779236485377	95
0.0556597498595	-0.0890556010407	95
0.0556597498595	-0.0890556010407	95
0.0556597498595	-0.111319499719	95
0.0556597498595	-0.111319499719	94
0.0556597498595	-0.111319499719	94
0.0667916999896	-0.122451449058	94
0.0556597498595	-0.122451449058	94
0.0445277997294	-0.122451449058	94
0.0445277997294	-0.122451449058	93
0.0556597498595	-0.111319499719	93
0.0445277997294	-0.111319499719	93
0.0445277997294	-0.133583398397	93
-0.0111319493391	0.0111319493391	98
-0.0333958495993	0.0333958480173	97
-0.0333958495993	0.0556597498595	97
-0.0445277997294	0.0556597498595	97
-0.0556597498595	0.0445277973565	97
-0.0556597498595	0.0111319493391	97
-0.0667916999896	0.0	96
-0.0667916999896	0.0	96
-0.0445277997294	-0.011131952503	96
-0.0333958495993	-0.011131952503	96
-0.0111319493391	-0.011131952503	95
0.0111319501301	-0.0222639018421	95
0.0111319501301	-0.0333958511812	95
0.0222639002602	-0.0445278005204	95
0.0222639002602	-0.0445278005204	95
0.0333958503903	-0.0445278005204	94
0.0333958503903	-0.0556597498595	94
0.0333958503903	-0.0556597498595	94
0.0333958503903	-0.0556597498595	94
0.0333958503903	-0.0556597498595	93
0.0222639002602	-0.0556597498595	93
0.0222639002602	-0.0556597498595	93
0.0111319501301	0.367354347174	93
-0.0779236493287	1.72545224881	93
-0.0779236493287	3.85165469913	92
0.0779236501197	7.32482309859	92
0.11131950051	9.88517159846	92
0.12245145064	11.7998669987	92
0.10018755038	13.1690968497	91
0.0779236501197	13.6589026491	91
0.0445278005204	13.926069449	91
0.0333958503903	13.9705972495	91
0.0111319501301	13.8926735978	91
0.0222639002602	13.7479582501	90
0.0445278005204	13.6366387472	90
0.0445278005204	13.569847048	90
0.0556597506504	13.4919233995	90
0.0667916999896	13.4585275483	89
0.0667916999896	13.447395599	89
0.0667916999896	13.4139997478	89
0.0667916999896	13.4028677984	89
0.0667916999896	13.3806038998	89
0.0779236501197	13.3917358491	88
0.0890556002497	13.4028677984	88
0.0779236501197	13.4028677984	88
0.10018755038	13.447395599	88
0.10018755038	13.447395599	87
0.0779236501197	13.447395599	87
0.0779236501197	13.4585275483	87
0.0556597506504	13.4696594976	87
0.0445278005204	13.4919233995	86
0.0556597506504	13.5141872982	86
0.0667916999896	13.5253192475	86
0.0890556002497	13.5030553488	86
0.11131950051	13.4807914501	86
0.11131950051	13.4585275483	85
0.10018755038	13.447395599	85
0.0890556002497	13.4585275483	85
0.10018755038	13.4585275483	85
0.0890556002497	13.4585275483	84
0.0779236501197	13.4696594976	84
0.0667916999896	13.4585275483	84
0.0667916999896	13.447395599	84
0.0779236501197	13.447395599	84
0.0779236501197	13.4362636496	83
0.0779236501197	13.4585275483	83
0.10018755038	13.4807914501	83
0.10018755038	13.4807914501	83
0.0890556002497	13.4919233995	83
0.0890556002497	13.5141872982	82
0.0890556002497	13.4919233995	82
0.10018755038	13.4807914501	82
0.10018755038	13.4807914501	82
0.10018755038	13.4696594976	82
0.11131950051	13.4807914501	81
0.10018755038	13.4696594976	81
0.0890556002497	13.4807914501	81
0.10018755038	13.4919233995	81
0.0890556002497	13.4919233995	80
0.0890556002497	13.4807914501	80
0.11131950051	13.4807914501	80
0.10018755038	13.4585275483	80
0.11131950051	13.447395599	80
0.10018755038	13.447395599	79
0.0667916999896	13.4696594976	79
0.0667916999896	13.4807914501	79
0.0556597506504	13.4696594976	79
0.0556597506504	13.4585275483	78
0.0556597506504	13.4696594976	78
0.0556597506504	13.4696594976	78
0.0890556002497	13.4585275483	78
0.12245145064	13.4696594976	78
0.144715350109	13.4696594976	77
0.155847300239	13.4696594976	77
0.155847300239	13.4807914501	77
0.144715350109	13.4807914501	77
0.133583399979	13.4807914501	77
0.12245145064	13.4696594976	76
0.10018755038	13.4807914501	76
0.0890556002497	13.4807914501	76
0.0890556002497	13.5030553488	76
0.10018755038	13.5030553488	75
0.0890556002497	13.5030553488	75
0.0890556002497	13.5030553488	75
0.0890556002497	13.5030553488	75
0.10018755038	13.5141872982	75
0.10018755038	13.5030553488	74
0.12245145064	13.4807914501	74
0.12245145064	13.447395599	74
0.12245145064	13.4362636496	74
0.11131950051	13.4251316971	73
0.11131950051	13.447395599	73
0.10018755038	13.4585275483	73
0.10018755038	13.4696594976	73
0.11131950051	13.4807914501	73
0.11131950051	13.4807914501	72
0.11131950051	13.4807914501	72
0.0890556002497	13.5030553488	72
0.0890556002497	13.5030553488	72
0.0890556002497	13.5141872982	71
0.10018755038	13.5141872982	71
0.10018755038	13.4919233995	71
0.10018755038	13.4807914501	71
0.11131950051	13.4807914501	71
0.10018755038	13.4807914501	70
0.11131950051	13.4807914501	70
0.133583399979	13.4807914501	70
0.133583399979	13.4696594976	70
0.12245145064	13.4807914501	69
0.133583399979	13.4696594976	69
0.12245145064	13.4807914501	69
0.10018755038	13.4919233995	69
0.10018755038	13.5030553488	69
0.10018755038	13.4919233995	68
0.0890556002497	13.4919233995	68
0.0890556002497	13.4919233995	68
0.0890556002497	13.5030553488	68
0.11131950051	13.5030553488	68
0.12245145064	13.4807914501	67
0.133583399979	13.4807914501	67
0.12245145064	13.4585275483	67
0.12245145064	13.4585275483	67
0.11131950051	13.4919233995	66
0.0890556002497	13.5141872982	66
0.10018755038	13.5253192475	66
0.10018755038	13.5364512	66
0.11131950051	13.5253192475	66
0.11131950051	13.5030553488	65
0.11131950051	13.4919233995	65
0.0890556002497	13.4807914501	65
0.0890556002497	13.4696594976	65
0.10018755038	13.4807914501	64
0.0890556002497	13.5030553488	64
0.10018755038	13.5030553488	64
0.11131950051	13.4919233995	64
0.11131950051	13.4807914501	64
0.10018755038	13.4807914501	63
0.11131950051	13.4807914501	63
0.10018755038	13.4919233995	63
0.10018755038	13.5030553488	63
0.10018755038	13.5030553488	62
0.0890556002497	13.5030553488	62
0.0890556002497	13.5030553488	62
0.11131950051	13.5253192475	62
0.133583399979	13.5475831493	62
0.12245145064	13.5364512	61
0.133583399979	13.5364512	61
0.11131950051	13.5364512	61
0.0890556002497	13.5141872982	61
0.0779236501197	13.4919233995	61
0.0667916999896	13.4807914501	60
0.0667916999896	13.4807914501	60
0.0890556002497	13.4807914501	60
0.10018755038	13.4919233995	60
0.11131950051	13.5030553488	60
0.12245145064	13.4919233995	59
0.12245145064	13.4919233995	59
0.133583399979	13.4919233995	59
0.12245145064	13.4919233995	59
0.11131950051	13.5253192475	58
0.11131950051	13.5364512	58
0.11131950051	13.5364512	58
0.10018755038	13.5475831493	58
0.0890556002497	13.5475831493	58
0.211507050099	13.7924860474	58
0.211507050099	13.7924860474	58
0.211507050099	13.7924860474	58
0.211507050099	13.7924860474	58
0.211507050099	13.7924860474	58
0.211507050099	13.7924860474	58
0.211507050099	13.7924860474	58
0.211507050099	13.7924860474	58
0.211507050099	13.7924860474	58
0.211507050099	13.7924860474	58
0.211507050099	13.7924860474	58
0.211507050099	13.7924860474	58
0.211507050099	13.7924860474	58
0.211507050099	13.7924860474	58
0.211507050099	13.7924860474	58
0.211507050099	13.7924860474	58
0.211507050099	13.7924860474	58
0.211507050099	13.7924860474	58
0.211507050099	13.7924860474	58
0.211507050099	13.7924860474	58
0.211507050099	13.7924860474	58
0.211507050099	13.7924860474	58
0.211507050099	13.7924860474	58
0.211507050099	13.7924860474	58
0.211507050099	13.7924860474	58
0.211507050099	13.7924860474	58
0.211507050099	13.7924860474	58
0.211507050099	13.7924860474	58
0.211507050099	13.7924860474	58
0.211507050099	13.7924860474	58
0.211507050099	13.7924860474	58
0.211507050099	13.7924860474	58
0.211507050099	13.7924860474	58
0.211507050099	13.7924860474	58
0.0111319493391	0.0	98
0.0	0.0	97
-0.0111319501301	-0.0111319493391	97
-0.0111319501301	-0.0445278005204	97
-0.0222639002602	-0.0445278005204	97
-0.0222639002602	-0.0445278005204	96
-0.0111319501301	-0.0445278005204	96
0.0	-0.0445278005204	96
0.0111319493391	-0.0445278005204	96
0.0445277997294	-0.0667916991986	96
0.0333958495993	-0.0779236485377	95
0.0445277997294	-0.0890555978768	95
0.0667916999896	-0.10018755038	95
0.0667916999896	-0.10018755038	95
0.0667916999896	-0.122451449058	94
0.0556597498595	-0.122451449058	94
0.0	0.0111319493391	98
0.0111319493391	0.0111319493391	97
0.0	-0.0111319493391	97
0.0	-0.0222639018421	97
-0.0111319501301	-0.0445278005204	97
-0.0222639002602	-0.0333958511812	97
0.0	-0.0333958511812	96
0.0111319493391	-0.0333958511812	96
0.0222638994692	-0.0333958511812	96
0.0445277997294	-0.0445278005204	96
0.0445277997294	-0.0556597498595	95
0.0556597498595	-0.0667916991986	95
0.0779236493287	-0.0779236517016	95
0.0667916999896	-0.0779236517016	95
0.0667916999896	-0.10018755038	95
0.0556597498595	-0.10018755038	94
0.0667916999896	-0.111319499719	94
0.0779236493287	-0.111319499719	94
0.0	0.0	97
0.0111319493391	0.0	97
-0.0111319501301	0.0	97
-0.0111319501301	-0.0222638986782	97
-0.0222639002602	-0.0445278005204	97
-0.0333958503903	-0.0445278005204	96
-0.0111319501301	-0.0445278005204	96
0.0	-0.0333958480173	96
0.0111319493391	-0.0445278005204	96
0.0445277997294	-0.0445278005204	96
0.0556597498595	-0.0667916991986	95
0.0667916999896	-0.0779236485377	95
0.0779236493287	-0.0890555978768	95
0.0779236493287	-0.10018755038	95
0.0779236493287	-0.111319499719	94
0.0779236493287	-0.122451449058	94
0.0779236493287	-0.122451449058	94
0.0890555994588	-0.122451449058	94
0.0779236493287	-0.122451449058	94
0.0779236493287	-0.122451449058	93
0.0667916999896	-0.133583398397	93
0.0890555994588	-0.133583398397	93
0.0779236493287	-0.111319499719	93
0.0667916999896	-0.122451449058	92
0.0556597498595	-0.133583398397	92
0.0333958495993	-0.122451449058	92
0.0333958495993	-0.122451449058	92
0.0333958495993	-0.111319499719	92
0.0333958495993	-0.111319499719	92
0.0	0.0	98
-0.0111319501301	-0.0111319493391	97
-0.0111319501301	-0.0333958511812	97
-0.0222639002602	-0.0445278005204	97
-0.0222639002602	-0.0333958511812	97
-0.0111319501301	-0.0333958511812	97
0.0	-0.0333958511812	96
0.0	-0.0333958511812	96
0.0222638994692	-0.0556597498595	96
0.0333958495993	-0.0667916991986	96
0.0445277997294	-0.0779236485377	95
0.0556597498595	-0.0890556010407	95
0.0556597498595	-0.0890556010407	95
0.0556597498595	-0.111319499719	95
0.0667916999896	-0.122451449058	95
0.489805799396	-0.10018755038	94
1.68092444987	-0.0222638986782	94
4.05202979989	0.122451449058	94
6.23389199929	0.24490290128	94
8.0706637494	0.333958499157	93
9.5512130993	0.423014100198	93
10.0966786493	0.445277998876	93
10.3972412997	0.445277998876	93
10.5085607994	0.445277998876	93
10.4640329997	0.445277998876	92
10.3861093496	0.434146049537	92
10.2859218	0.445277998876	92
10.1857342496	0.434146049537	92
10.1300744997	0.423014100198	91
10.0855467	0.423014100198	91
10.0632827997	0.400750201519	91
10.0744147499	0.389618249016	91
10.1078105995	0.389618249016	91
10.1078105995	0.400750201519	90
10.1300744997	0.389618249016	90
10.1300744997	0.400750201519	90
10.1189425496	0.400750201519	90
10.1189425496	0.411882150858	89
10.0855467	0.400750201519	89
10.0966786493	0.367354350338	89
10.0966786493	0.367354350338	89
10.0855467	0.378486299677	89
10.1189425496	0.356222400999	88
10.1078105995	0.378486299677	88
10.1078105995	0.400750201519	88
10.1300744997	0.411882150858	88
10.1300744997	0.434146049537	87
10.1523384	0.445277998876	87
10.1634703493	0.423014100198	87
10.1634703493	0.400750201519	87
10.1523384	0.389618249016	87
10.1412064499	0.367354350338	86
10.1189425496	0.367354350338	86
10.1078105995	0.389618249016	86
10.1189425496	0.400750201519	86
10.1078105995	0.400750201519	85
10.1189425496	0.411882150858	85
10.1189425496	0.423014100198	85
10.1078105995	0.434146049537	85
10.0966786493	0.423014100198	85
10.0855467	0.423014100198	84
10.0966786493	0.434146049537	84
10.1078105995	0.423014100198	84
10.1300744997	0.411882150858	84
10.1634703493	0.423014100198	83
10.7423317498	0.434146049537	83
12.4232561996	0.423014100198	83
14.4715349998	0.367354350338	83
16.6756610995	0.322826549818	83
18.8463913496	0.333958499157	82
19.9373224497	0.356222400999	82
20.4827879997	0.411882150858	82
20.7833506493	0.467541900718	82
20.9169340492	0.500937748735	81
20.8724062495	0.523201650577	81
20.7833506493	0.534333599916	81
20.6386352999	0.512069701238	81
20.5384477496	0.489805799396	81
20.4827879997	0.478673850057	80
20.4159962997	0.445277998876	80
20.4048643496	0.434146049537	80
20.4159962997	0.445277998876	80
20.4159962997	0.456409951379	79
20.4159962997	0.456409951379	79
20.4271282498	0.456409951379	79
20.4382602	0.467541900718	79
20.4271282498	0.456409951379	79
20.4382602	0.434146049537	78
0.0	0.0	97
0.0111319493391	0.0222638986782	97
0.0111319493391	0.0445277973565	97
0.0111319493391	0.0556597498595	97
0.0445277997294	0.0445277973565	97
0.0556597498595	0.0111319493391	96
0.0667916999896	-0.0222639018421	96
0.0890555994588	-0.0556597498595	96
0.100187549589	-0.10018755038	96
0.111319499719	-0.133583401561	96
0.100187549589	-0.166979252742	95
0.111319499719	-0.20037510076	95
0.111319499719	-0.211507050099	95
0.111319499719	-0.222639002602	95
0.155847299448	-0.233770951941	94
0.790368449745	-0.211507050099	94
2.1484663498	-0.133583401561	94
4.69768289953	0.0333958480173	94
6.81275339973	0.144715347736	94
8.4936778496	0.211507050099	93
9.59574089982	0.244902898116	93
10.2413939995	0.222638999438	93
10.5085607994	0.200375097596	93
10.5976163997	0.189243148257	92
10.5642205501	0.155847297075	92
10.4529010496	0.155847297075	92
10.3638454501	0.144715347736	92
10.2859218	0.133583398397	92
10.2525259496	0.144715347736	91
10.2079981499	0.166979249578	91
10.1968661997	0.166979249578	91
10.1968661997	0.178111198918	91
10.1857342496	0.178111198918	90
10.1857342496	0.189243148257	90
10.1634703501	0.178111198918	90
10.1634703501	0.144715347736	90
10.1746022995	0.133583398397	90
10.2747898498	0.133583398397	89
11.1208180494	0.122451449058	89
13.0689093001	0.0779236485377	89
15.2285076	0.0556597498595	89
17.3101822498	0.0445277973565	88
19.1692178994	0.122451449058	88
19.9707183	0.189243148257	88
20.3937323994	0.222638999438	88
20.6163713997	0.233770948777	88
20.6386352999	0.267166799958	87
20.5495796997	0.244902898116	87
20.4382602	0.244902898116	87
20.3046768	0.244902898116	87
20.2378851	0.233770948777	86
20.1822253494	0.200375097596	86
20.1488294998	0.178111198918	86
20.1488294998	0.166979249578	86
20.1376975496	0.166979249578	86
20.1154336494	0.166979249578	85
20.1265655995	0.166979249578	85
20.1265655995	0.189243148257	85
20.4382602	0.189243148257	85
21.5069273998	0.178111198918	84
23.7333173997	0.122451449058	84
25.9374434994	0.0890555978768	84
27.8744027999	0.0779236485377	84
29.4551396994	0.155847297075	84
30.0673969494	0.233770948777	83
30.4013554501	0.322826549818	83
30.5460707994	0.389618249016	83
30.5460707994	0.445277998876	83
30.4570152	0.467541897554	83
30.3679595997	0.456409948215	82
30.2566401	0.400750198355	82
30.1898484	0.367354347174	82
30.1341886494	0.322826549818	82
30.1007927998	0.278298749297	81
30.0785288995	0.256034847455	81
30.0785288995	0.244902898116	81
30.0785288995	0.233770948777	81
30.1007927998	0.278298749297	80
30.1230567	0.300562647976	80
30.1230567	0.322826549818	80
30.1119247499	0.345090448496	80
30.3234318	0.356222397835	80
31.2807795001	0.356222397835	79
32.8726483497	0.322826549818	79
35.5554482995	0.233770948777	79
37.5258034495	0.166979249578	79
38.9618249997	0.189243148257	79
39.8301170996	0.244902898116	78
40.3310548499	0.345090448496	78
40.5091660496	0.423014097034	78
40.5202979997	0.478673850057	78
40.4423743496	0.512069698074	77
40.3421868	0.512069698074	77
40.2642631499	0.478673850057	77
40.1863394998	0.434146049537	77
40.1306797499	0.389618249016	77
40.1084158497	0.367354347174	76
40.0972838995	0.345090448496	76
40.0972838995	0.311694597315	76
40.0861519494	0.300562647976	76
40.3644506995	0.278298749297	75
41.4108539999	0.278298749297	75
43.6038481494	0.267166799958	75
45.2402447995	0.256034847455	75
47.6892737997	0.256034847455	75
49.0585036498	0.289430698636	74
49.8600040497	0.322826549818	74
50.2607542497	0.345090448496	74
50.4945252	0.389618249016	74
50.4945252	0.411882147695	73
50.4388654494	0.423014097034	73
50.3386778998	0.423014097034	73
50.2496222995	0.400750198355	73
50.1716986494	0.378486299677	73
50.1049069494	0.356222397835	72
50.0603791497	0.333958499157	72
50.0603791497	0.311694597315	72
50.0492471996	0.311694597315	72
50.0492471996	0.300562647976	71
50.0603791497	0.278298749297	71
50.0603791497	0.267166799958	71
50.0715110998	0.278298749297	71
50.2162264499	0.278298749297	71
51.0956504999	0.278298749297	70
52.6095956994	0.300562647976	70
55.2812636998	0.311694597315	70
57.3184105499	0.333958499157	70
58.8323557494	0.322826549818	69
59.7340436996	0.300562647976	69
60.2683772995	0.278298749297	69
60.4687523995	0.244902898116	69
60.4910162998	0.233770948777	69
60.4130926497	0.211507050099	68
60.3351689995	0.222638999438	68
60.2238494998	0.211507050099	68
60.1570577998	0.233770948777	68
60.1236619494	0.256034847455	68
60.0902660998	0.256034847455	67
60.0791341497	0.244902898116	67
60.0680021996	0.244902898116	67
60.0568702494	0.244902898116	67
60.0568702494	0.244902898116	66
60.3796968001	0.256034847455	66
61.45949595	0.267166799958	66
63.15155235	0.244902898116	66
65.3445464995	0.267166799958	66
67.3705613995	0.244902898116	65
68.8511107494	0.211507050099	65
69.8752501495	0.189243148257	65
70.25373645	0.178111198918	65
70.4652435001	0.144715347736	64
70.4652435001	0.133583398397	64
70.4095837494	0.133583398397	64
70.32052815	0.133583398397	64
70.2314725497	0.144715347736	64
70.7101463998	0.155847297075	63
71.8233414001	0.155847297075	63
73.5487936497	0.144715347736	63
76.2872533501	0.144715347736	63
78.2130806996	0.155847297075	62
79.5377827501	0.178111198918	62
80.2390955996	0.200375097596	62
80.6732416499	0.166979249578	62
80.8068250499	0.155847297075	62
80.7845611496	0.155847297075	61
80.7066374995	0.122451449058	61
80.6175819001	0.111319499719	61
80.5173943497	0.100187547216	61
80.4506026497	0.100187547216	61
80.3838109497	0.100187547216	60
80.3726789996	0.111319499719	60
80.3615470494	0.133583398397	60
80.3838109497	0.144715347736	60
80.3949428998	0.144715347736	59
80.3949428998	0.144715347736	59
80.40607485	0.155847297075	59
80.3949428998	0.155847297075	59
80.40607485	0.144715347736	59
80.5396582499	0.155847297075	58
81.7196449495	0.155847297075	58
83.3560415996	0.122451449058	58
85.5156398996	0.100187547216	58
87.5639186998	0.100187547216	57
89.3895584997	0.111319499719	57
90.15766305	0.111319499719	57
90.55841325	0.122451449058	57
90.8033161497	0.133583398397	56
90.8144480998	0.144715347736	56
90.7365244497	0.133583398397	56
90.6363369001	0.144715347736	56
90.5027535001	0.155847297075	56
90.4359618001	0.144715347736	55
90.3914339996	0.144715347736	55
90.3803020495	0.166979249578	55
90.3803020495	0.178111198918	55
90.35803815	0.178111198918	55
90.35803815	0.166979249578	54
90.35803815	0.155847297075	54
90.3469061999	0.144715347736	54
90.3691701001	0.122451449058	54
90.3691701001	0.133583398397	53
90.3691701001	0.133583398397	53
90.3691701001	0.122451449058	53
90.3691701001	0.122451449058	53
90.3691701001	0.111319499719	53
90.3691701001	0.144715347736	52
90.35803815	0.155847297075	52
90.35803815	0.189243148257	52
90.3469061999	0.211507050099	52
90.3469061999	0.222638999438	51
90.3469061999	0.222638999438	51
90.3357742497	0.222638999438	51
90.3469061999	0.200375097596	51
90.3469061999	0.178111198918	51
90.3469061999	0.178111198918	50
90.3469061999	0.178111198918	50
90.3469061999	0.166979249578	50
90.35803815	0.166979249578	50
90.3469061999	0.178111198918	50
90.3469061999	0.155847297075	49
90.35803815	0.178111198918	49
90.3691701001	0.189243148257	49
90.35803815	0.200375097596	49
90.35803815	0.222638999438	48
90.3469061999	0.233770948777	48
90.35803815	0.233770948777	48
90.35803815	0.244902898116	48
90.35803815	0.244902898116	48
90.3691701001	0.211507050099	47
90.3691701001	0.211507050099	47
90.35803815	0.244902898116	47
90.35803815	0.244902898116	47
90.3914339996	0.144715347736	47
90.3914339996	0.144715347736	47
90.3803020495	0.133583398397	47
90.3803020495	0.133583398397	47
90.3803020495	0.133583398397	47
0.0	0.0111319493391	97
0.0111319501301	0.0222638986782	97
0.0111319501301	0.0222638986782	97
0.0333958503903	0.0222638986782	97
0.0556597506504	-0.0111319493391	96
0.0779236501197	-0.0445278005204	96
0.0890556002497	-0.0779236517016	96
0.11131950051	-0.10018755038	96
0.0	0.0111319493391	98
0.0	0.0333958480173	97
-0.0111319493391	0.0333958480173	97
-0.0333958495993	0.0222638986782	97
-0.0333958495993	0.0	97
-0.0333958495993	-0.0222639018421	96
-0.0445277997294	-0.0222639018421	96
0.0	-0.0333958511812	97
0.0	-0.0445278005204	97
-0.0111319501301	-0.0333958511812	97
-0.0111319501301	-0.0333958511812	97
0.0	-0.0333958511812	97
0.0111319501301	-0.0333958511812	96
0.0333958495993	-0.0445278005204	96
0.0445277997294	-0.0667916991986	96
0.0556597498595	-0.0779236485377	96
0.0	0.0	98
-0.0111319501301	-0.0111319493391	97
-0.0111319501301	-0.0445278005204	97
-0.0222639002602	-0.0445278005204	97
-0.0333958503903	-0.0445278005204	97
-0.0111319501301	-0.0445278005204	96
0.0	-0.0445278005204	96
0.0111319493391	-0.0333958480173	96
0.0	0.0	97
-0.0111319501301	-0.0111319493391	97
-0.0111319501301	-0.0333958480173	97
-0.0222639002602	-0.0556597498595	97
-0.0333958503903	-0.0445278005204	97
-0.0222639002602	-0.0445278005204	96
0.0	-0.0445278005204	96
0.0	-0.0445278005204	96
0.0222638994692	-0.0556597498595	96
0.0333958495993	-0.0779236485377	95
0.0333958495993	-0.0890555978768	95
0.0556597498595	-0.0890555978768	95
0.0556597498595	-0.10018755038	95
0.0556597498595	-0.111319499719	95
0.0556597498595	-0.122451449058	94
0.0	0.0	98
-0.0333958503903	0.0222638986782	97
-0.0333958503903	0.0445278005204	97
-0.0445278005204	0.0445278005204	97
-0.0556597506504	0.0333958480173	97
-0.0556597506504	0.0	97
-0.0667916999896	-0.0111319493391	96
-0.0779236501197	-0.0111319493391	96
-0.0556597506504	-0.0222639018421	96
-0.0445278005204	-0.0222639018421	96
-0.0222639002602	-0.0222639018421	95
0.0	-0.0333958511812	95
0.0111319493391	-0.0445278005204	95
0.0111319493391	-0.0556597498595	95
0.0222638994692	-0.0556597498595	95
0.0222638994692	-0.0556597498595	94
0.0222638994692	-0.0667916991986	94
0.267166799958	-0.0556597498595	94
1.2690422998	-0.0111319493391	94
2.87204309955	0.10018755038	94
5.57710694952	0.244902898116	93
7.54746209961	0.367354350338	93
8.98348364978	0.445277998876	93
9.92969939977	0.534333599916	93
10.2747898498	0.567729447934	92
10.4417690994	0.567729447934	92
10.4529010496	0.567729447934	92
10.3527135	0.578861400437	92
10.2525259496	0.567729447934	92
10.1634703493	0.567729447934	91
10.0855467	0.545465549256	91
10.0410188995	0.534333599916	91
10.018755	0.512069698074	91
10.0076230499	0.489805799396	90
10.018755	0.478673850057	90
0.0	0.0	98
-0.0222639002602	0.0222638986782	97
-0.0222639002602	0.0445278005204	97
-0.0333958503903	0.0445278005204	97
-0.0556597506504	0.0445278005204	97
-0.0556597506504	0.0111319493391	97
-0.0556597506504	-0.0111319493391	96
-0.0556597506504	-0.0111319493391	96
-0.0333958503903	-0.0111319493391	96
0.0	0.0	97
0.0	-0.0111319493391	97
0.0	-0.0333958511812	97
-0.0111319493391	-0.0445278005204	97
-0.0333958495993	-0.0445278005204	97
0.10018755038	-0.0333958511812	96
0.968479650244	0.0	96
2.51582070013	0.111319499719	96
4.65315510059	0.233770948777	96
7.24689945005	0.367354350338	95
8.7831085506	0.434146049537	95
9.72932430059	0.467541900718	95
10.2747898506	0.489805799396	95
10.4974288501	0.478673850057	95
10.5308247005	0.467541900718	94
10.4751649506	0.467541900718	94
10.3749774002	0.456409948215	94
10.2747898506	0.456409948215	94
10.1968662005	0.456409948215	94
10.1189425504	0.445277998876	93
10.0966786501	0.445277998876	93
10.0632828005	0.456409948215	93
10.0521508504	0.445277998876	93
10.0410189003	0.434146049537	92
10.0298869501	0.445277998876	92
10.0410189003	0.445277998876	92
10.0632828005	0.456409948215	92
10.5642205501	0.456409948215	91
11.8221309005	0.456409948215	91
13.7145624005	0.445277998876	91
16.4196262505	0.411882150858	91
18.2007382499	0.400750198355	91
19.42525275	0.400750198355	90
20.1488295005	0.423014100198	90
20.4382602	0.423014100198	90
20.5495797005	0.456409948215	90
20.4939199506	0.456409948215	89
20.4048643504	0.467541900718	89
20.2712809504	0.445277998876	89
20.1822253501	0.423014100198	89
20.1043017	0.400750198355	89
20.0597739003	0.400750198355	88
20.0597739003	0.378486299677	88
20.0486419502	0.378486299677	88
20.0486419502	0.389618249016	88
20.0820378006	0.400750198355	88
20.0820378006	0.423014100198	87
20.1154336502	0.434146049537	87
20.1265656003	0.434146049537	87
20.1376975504	0.411882150858	87
20.1154336502	0.411882150858	86
20.0931697499	0.378486299677	86
20.0820378006	0.389618249016	86
20.0709058504	0.423014100198	86
20.0709058504	0.456409948215	86
20.0709058504	0.445277998876	85
20.0709058504	0.445277998876	85
20.0820378006	0.445277998876	85
20.0820378006	0.456409948215	85
20.0709058504	0.456409948215	84
20.0709058504	0.434146049537	84
20.0597739003	0.445277998876	84
20.0820378006	0.434146049537	84
20.0931697499	0.434146049537	84
20.0931697499	0.434146049537	83
20.1043017	0.456409948215	83
20.1043017	0.456409948215	83
20.1043017	0.445277998876	83
20.0931697499	0.423014100198	83
20.0820378006	0.434146049537	82
0.0	0.0	98
-0.0111319501301	0.0222639018421	97
-0.0222639002602	0.0222639018421	97
-0.0333958503903	0.0222639018421	97
-0.0333958503903	-0.0111319493391	97
0.367354349547	-0.0111319493391	97
1.55847300002	0.0445278005204	96
3.94071029938	0.211507050099	96
6.12257249957	0.34509045166	96
7.94821229955	0.44527800204	96
9.26178239987	0.478673850057	95
10.0744147499	0.48980580256	95
10.3861093496	0.48980580256	95
10.5308246997	0.478673850057	95
10.5196927495	0.467541900718	95
10.4417690994	0.44527800204	94
10.3415815498	0.434146052701	94
10.2525259496	0.423014100198	94
10.1746022995	0.411882150858	94
10.1300744997	0.423014100198	93
10.1078105995	0.423014100198	93
10.1078105995	0.423014100198	93
10.6866719999	0.423014100198	93
11.9557142997	0.434146052701	93
13.8704096999	0.400750201519	92
16.5420776995	0.378486302841	92
18.2563979998	0.38961825218	92
19.4141207999	0.411882150858	92
20.1154336494	0.44527800204	91
20.3937323994	0.467541900718	91
20.4939199498	0.478673850057	91
20.4605240994	0.48980580256	91
20.3714685	0.467541900718	91
20.2824128997	0.44527800204	90
20.2267531499	0.434146052701	90
20.1488294998	0.423014100198	90
20.1265655995	0.400750201519	90
20.1154336494	0.400750201519	89
20.0820377998	0.400750201519	89
20.0820377998	0.400750201519	89
20.0486419494	0.38961825218	89
20.0597738995	0.367354350338	89
20.0597738995	0.367354350338	88
20.0597738995	0.378486302841	88
20.0931697499	0.378486302841	88
20.0931697499	0.378486302841	88
20.0931697499	0.411882150858	87
20.1154336494	0.411882150858	87
20.1154336494	0.44527800204	87
20.1376975496	0.456409951379	87
20.4605240994	0.44527800204	87
21.5180593499	0.411882150858	86
23.1767198995	0.378486302841	86
25.8706517994	0.311694600479	86
27.7853471996	0.2894307018	86
29.1211811994	0.333958502321	85
29.9894733001	0.411882150858	85
30.3345637501	0.44527800204	85
30.4904110496	0.478673850057	85
30.4904110496	0.512069701238	85
30.3902235	0.534333599916	84
30.2900359496	0.523201650577	84
30.2009803494	0.48980580256	84
30.1119247499	0.467541900718	84
30.0785288995	0.44527800204	83
30.3122998499	0.411882150858	83
31.2919114495	0.38961825218	83
32.8726483497	0.378486302841	83
35.0211146995	0.34509045166	83
37.5480673498	0.322826549818	82
38.9618249997	0.322826549818	82
39.7855892998	0.367354350338	82
40.1974714499	0.400750201519	82
40.4646382499	0.44527800204	82
40.4757702	0.48980580256	81
40.4312423995	0.500937751899	81
40.3087909496	0.500937751899	81
40.2197353494	0.500937751899	81
40.1418117001	0.478673850057	80
40.0750200001	0.44527800204	80
40.0193602494	0.44527800204	80
39.9970963499	0.434146052701	80
39.9970963499	0.411882150858	80
40.0193602494	0.434146052701	79
40.0304921995	0.44527800204	79
40.1529436494	0.456409951379	79
40.9767079495	0.456409951379	79
42.91366725	0.44527800204	78
45.0732655499	0.434146052701	78
47.1326762995	0.411882150858	78
48.9805799997	0.356222400999	78
49.7932123497	0.34509045166	78
50.1939625497	0.367354350338	77
50.4166015499	0.378486302841	77
50.4611293496	0.423014100198	77
50.3943376496	0.434146052701	77
50.3052820494	0.44527800204	76
50.1828305995	0.456409951379	76
50.1049069494	0.467541900718	76
50.0715110998	0.456409951379	76
50.0492471996	0.423014100198	76
50.0269833001	0.423014100198	75
50.0269833001	0.423014100198	75
50.0381152494	0.423014100198	75
50.0492471996	0.400750201519	75
50.0381152494	0.38961825218	74
50.0269833001	0.367354350338	74
50.01585135	0.378486302841	74
50.0047193998	0.38961825218	74
50.0047193998	0.38961825218	74
50.0047193998	0.400750201519	73
50.01585135	0.411882150858	73
50.0381152494	0.411882150858	73
50.0603791497	0.38961825218	73
50.6392405501	0.400750201519	72
52.3090330499	0.38961825218	72
54.3573118501	0.400750201519	72
56.5280421001	0.400750201519	72
58.2980221495	0.38961825218	72
59.4334810501	0.378486302841	71
60.0012104996	0.378486302841	71
60.3685648499	0.38961825218	71
60.4464885	0.38961825218	71
60.4242245998	0.400750201519	71
60.3129051001	0.38961825218	70
60.2238494998	0.367354350338	70
60.1236619494	0.356222400999	70
60.0680021996	0.367354350338	70
60.0123424497	0.367354350338	69
60.0012104996	0.367354350338	69
59.9900785495	0.378486302841	69
60.0012104996	0.378486302841	69
60.0012104996	0.378486302841	69
60.0012104996	0.38961825218	68
60.0123424497	0.378486302841	68
60.03460635	0.378486302841	68
60.03460635	0.356222400999	68
60.0123424497	0.356222400999	67
60.0123424497	0.34509045166	67
59.9900785495	0.356222400999	67
59.9900785495	0.356222400999	67
60.1125300001	0.356222400999	67
61.2145930495	0.378486302841	66
62.7841979997	0.367354350338	66
64.9326643495	0.333958502321	66
67.4818809	0.322826549818	66
68.9179024494	0.333958502321	65
69.7305347994	0.356222400999	65
70.1424169495	0.378486302841	65
70.3984518001	0.38961825218	65
70.4207156995	0.38961825218	65
70.3650559497	0.400750201519	64
70.2426044998	0.378486302841	64
70.1424169495	0.378486302841	64
70.0644933001	0.378486302841	64
69.9977016001	0.378486302841	63
69.9754376999	0.356222400999	63
69.9643057497	0.356222400999	63
69.9754376999	0.356222400999	63
69.9643057497	0.356222400999	63
69.98656965	0.356222400999	62
69.98656965	0.356222400999	62
70.0756252495	0.333958502321	62
71.0775007501	0.311694600479	62
72.5691820501	0.311694600479	61
74.6842525495	0.278298752461	61
76.7993230497	0.300562651139	61
78.4579836001	0.333958502321	61
79.4821229994	0.367354350338	61
80.0832482993	0.400750201519	60
80.3170192497	0.423014100198	60
80.3838109497	0.411882150858	60
80.3281511998	0.411882150858	60
80.2390955996	0.400750201519	59
80.1500400001	0.378486302841	59
80.0498524497	0.367354350338	59
79.9941926999	0.34509045166	59
79.9607968495	0.356222400999	59
79.9607968495	0.356222400999	58
79.9607968495	0.356222400999	58
79.9607968495	0.34509045166	58
79.9719287996	0.356222400999	58
79.9607968495	0.367354350338	58
79.9607968495	0.378486302841	57
79.9496648994	0.38961825218	57
79.93853295	0.400750201519	57
79.9274009999	0.38961825218	57
79.9274009999	0.38961825218	56
80.0275885495	0.38961825218	56
80.7734291995	0.378486302841	56
82.6213328997	0.34509045166	56
84.7586672994	0.333958502321	55
86.8848697497	0.311694600479	55
88.8218290494	0.322826549818	55
89.6567252997	0.333958502321	55
90.0797393999	0.367354350338	55
90.3135103495	0.400750201519	54
90.3691701001	0.423014100198	54
90.3023784001	0.434146052701	54
90.2467186495	0.467541900718	54
90.1353991498	0.467541900718	54
90.4136978998	0.456409951379	53
91.3821775501	0.434146052701	53
92.9072546997	0.400750201519	53
95.5789227001	0.322826549818	53
97.6160695494	0.278298752461	52
99.1077508494	0.2894307018	52
99.9760429501	0.322826549818	52
100.410189	0.333958502321	52
100.6550919	0.356222400999	52
100.6996197	0.378486302841	51
100.632828	0.423014100198	51
100.5437724	0.434146052701	51
100.44358485	0.456409951379	51
100.3433973	0.456409951379	50
100.28773755	0.467541900718	50
100.254341699	0.456409951379	50
100.22094585	0.434146052701	50
100.2320778	0.400750201519	50
100.2320778	0.367354350338	49
100.28773755	0.367354350338	49
100.9890504	0.356222400999	49
102.80355825	0.333958502321	49
104.929760699	0.2894307018	48
107.1116229	0.278298752461	48
108.8482071	0.278298752461	48
110.206304999	0.333958502321	48
110.6961108	0.378486302841	48
110.9632776	0.400750201519	47
111.0523332	0.456409951379	47
110.9855415	0.478673850057	47
110.90761785	0.467541900718	47
110.8074303	0.467541900718	46
110.6961108	0.44527800204	46
110.651583	0.411882150858	46
110.618187149	0.38961825218	46
110.6070552	0.38961825218	46
110.59592325	0.378486302841	45
110.59592325	0.367354350338	45
110.5847913	0.378486302841	45
110.751770549	0.411882150858	45
111.62006265	0.423014100198	45
113.11174395	0.411882150858	44
115.215682499	0.378486302841	44
117.80942685	0.367354350338	44
119.32337205	0.367354350338	44
120.225059999	0.367354350338	43
120.74826165	0.411882150858	43
120.94863675	0.423014100198	43
120.970900649	0.44527800204	43
120.9152409	0.478673850057	43
120.7816575	0.500937751899	42
120.6926019	0.48980580256	42
120.61467825	0.500937751899	42
120.5367546	0.512069701238	42
120.5144907	0.512069701238	41
120.48109485	0.512069701238	41
120.492226799	0.523201650577	41
120.79278945	0.500937751899	41
121.8725886	0.478673850057	41
124.1212425	0.48980580256	40
126.3031047	0.48980580256	40
128.1732723	0.48980580256	40
129.5091063	0.478673850057	40
130.3996623	0.467541900718	39
130.7336208	0.478673850057	39
130.8894681	0.48980580256	39
130.8672042	0.478673850057	39
130.789280549	0.48980580256	39
130.70022495	0.467541900718	38
130.588905449	0.48980580256	38
130.52211375	0.534333599916	38
130.47758595	0.523201650577	38
130.43305815	0.523201650577	38
130.4219262	0.512069701238	37
130.4219262	0.512069701238	37
130.43305815	0.512069701238	37
130.4219262	0.523201650577	37
130.4219262	0.534333599916	36
130.444190099	0.512069701238	36
131.01191955	0.500937751899	36
132.748503749	0.523201650577	36
134.8079145	0.54546555242	35
136.922985	0.567729451098	35
138.60390945	0.54546555242	35
139.96200735	0.48980580256	35
140.47407705	0.456409951379	35
140.7523758	0.411882150858	34
140.83029945	0.378486302841	34
140.796903599	0.367354350338	34
140.69671605	0.367354350338	34
140.596528499	0.400750201519	34
140.49634095	0.44527800204	33
140.4406812	0.478673850057	33
140.38502145	0.500937751899	33
140.3738895	0.534333599916	33
140.36275755	0.556597501759	32
140.3738895	0.534333599916	32
140.40728535	0.534333599916	32
140.42954925	0.512069701238	32
140.529736799	0.500937751899	32
141.342369149	0.48980580256	31
143.301592349	0.48980580256	31
145.46119065	0.512069701238	31
147.4760736	0.523201650577	31
149.00115075	0.500937751899	30
150.147741599	0.411882150858	30
150.55962375	0.367354350338	30
150.7711308	0.333958502321	30
150.80452665	0.322826549818	29
150.73773495	0.322826549818	29
150.62641545	0.333958502321	29
150.53735985	0.356222400999	29
150.44830425	0.378486302841	29
150.40377645	0.400750201519	28
150.3703806	0.411882150858	28
150.3703806	0.434146052701	28
150.3703806	0.44527800204	28
150.35924865	0.44527800204	27
150.3703806	0.44527800204	27
150.3703806	0.423014100198	27
150.38151255	0.423014100198	27
150.3926445	0.411882150858	27
150.38151255	0.400750201519	26
150.35924865	0.400750201519	26
150.3703806	0.38961825218	26
150.38151255	0.38961825218	26
150.38151255	0.367354350338	26
150.3926445	0.367354350338	25
150.38151255	0.367354350338	25
150.75999885	0.367354350338	25
151.9511175	0.378486302841	25
153.7767573	0.400750201519	24
155.958619499	0.423014100198	24
158.296329	0.44527800204	24
159.5653713	0.423014100198	24
160.26668415	0.38961825218	24
160.6785663	0.34509045166	23
160.80101775	0.300562651139	23
160.7898858	0.278298752461	23
160.71196215	0.2894307018	23
160.567246799	0.300562651139	22
160.46705925	0.333958502321	22
160.3891356	0.356222400999	22
160.33347585	0.378486302841	22
160.33347585	0.400750201519	22
160.33347585	0.411882150858	21
160.3223439	0.411882150858	21
160.3446078	0.423014100198	21
160.3446078	0.423014100198	21
160.35573975	0.423014100198	20
160.366871699	0.411882150858	20
160.37800365	0.378486302841	20
160.366871699	0.367354350338	20
160.35573975	0.378486302841	20
160.35573975	0.367354350338	19
160.3446078	0.400750201519	19
160.3446078	0.423014100198	19
160.33347585	0.423014100198	19
160.3446078	0.400750201519	18
160.35573975	0.38961825218	18
160.3446078	0.378486302841	18
160.3446078	0.367354350338	18
160.3446078	0.378486302841	18
160.35573975	0.400750201519	17
160.366871699	0.400750201519	17
160.35573975	0.411882150858	17
160.3446078	0.423014100198	17
160.3446078	0.400750201519	17
160.35573975	0.411882150858	16
160.366871699	0.423014100198	16
160.366871699	0.44527800204	16
160.366871699	0.434146052701	16
160.35573975	0.44527800204	15
160.33347585	0.456409951379	15
160.33347585	0.456409951379	15
160.33347585	0.456409951379	15
160.33347585	0.44527800204	15
160.33347585	0.434146052701	14
160.33347585	0.44527800204	14
160.522719	0.456409951379	14
161.513462549	0.467541900718	14
163.69532475	0.467541900718	13
165.87718695	0.467541900718	13
167.814146249	0.478673850057	13
169.495070699	0.456409951379	13
170.19638355	0.467541900718	13
170.55260595	0.478673850057	12
170.73071715	0.467541900718	12
170.73071715	0.467541900718	12
170.6750574	0.467541900718	12
170.586001799	0.478673850057	11
170.46355035	0.478673850057	11
170.37449475	0.48980580256	11
170.307703049	0.500937751899	11
170.2965711	0.512069701238	11
170.28543915	0.48980580256	10
170.2743072	0.48980580256	10
170.28543915	0.48980580256	10
170.2965711	0.478673850057	10
170.2965711	0.467541900718	9
170.318834999	0.478673850057	9
170.307703049	0.48980580256	9
170.318834999	0.500937751899	9
170.307703049	0.500937751899	9
170.2965711	0.500937751899	8
170.307703049	0.512069701238	8
170.307703049	0.512069701238	8
170.307703049	0.523201650577	8
170.318834999	0.523201650577	7
170.318834999	0.523201650577	7
170.318834999	0.523201650577	7
170.307703049	0.512069701238	7
170.2965711	0.48980580256	7
170.307703049	0.512069701238	6
170.318834999	0.512069701238	6
0.0	0.0	98
0.0	-0.0111319493391	97
0.0	-0.0445278005204	97
-0.0111319501301	-0.0556597498595	97
-0.0222639002602	-0.0445278005204	97
-0.0111319501301	-0.0445278005204	96
0.0	-0.0445278005204	96
0.0111319501301	-0.0556597498595	96
0.211507050099	-0.0556597498595	96
1.15772280008	-0.0333958480173	96
2.76072359983	0.0556597498595	95
4.93145384989	0.178111202081	95
7.48067040041	0.311694600479	95
8.96121975031	0.356222400999	95
9.85177575044	0.38961825218	94
10.2859218	0.400750201519	94
10.5642205501	0.38961825218	94
10.5864844503	0.38961825218	94
10.5308247005	0.367354350338	94
10.4083732498	0.356222400999	93
10.3193176504	0.356222400999	93
10.2302620501	0.367354350338	93
10.1746023003	0.356222400999	93
10.8091234498	0.356222400999	92
12.0892977005	0.367354350338	92
14.0262570002	0.367354350338	92
16.7535847504	0.378486299677	92
18.5346967499	0.378486299677	92
19.7592112499	0.378486299677	91
20.3937324002	0.378486299677	91
20.7944826002	0.356222400999	91
20.91693405	0.34509045166	91
20.91693405	0.34509045166	90
20.85014235	0.34509045166	90
20.7276909002	0.333958502321	90
20.6497672501	0.34509045166	90
20.5607116498	0.333958502321	90
20.5050519	0.34509045166	89
20.4605241002	0.34509045166	89
20.4493921501	0.311694600479	89
20.4493921501	0.300562651139	89
20.4382602	0.311694600479	89
20.4605241002	0.2894307018	88
20.4716560504	0.278298749297	88
20.4716560504	0.311694600479	88
20.5384477503	0.311694600479	88
21.4623996001	0.34509045166	87
22.9318169998	0.34509045166	87
25.0357555499	0.322826549818	87
27.1953538498	0.278298749297	87
29.2102368004	0.267166799958	87
30.1230567	0.278298749297	86
30.5683347005	0.311694600479	86
30.8577653999	0.378486299677	86
30.8911612503	0.423014100198	86
30.8355015005	0.434146049537	85
30.7464459002	0.434146049537	85
30.6573903	0.423014100198	85
30.5794666498	0.411882150858	85
30.4904110504	0.38961825218	85
30.5794666498	0.356222400999	84
31.3920989998	0.333958502321	84
32.82812055	0.300562651139	84
35.4441288005	0.233770951941	84
37.5258034503	0.20037510076	83
39.0842764504	0.233770951941	83
40.2197353502	0.311694600479	83
40.6204855501	0.367354350338	83
40.8319926002	0.400750201519	83
40.8765203999	0.434146049537	82
40.7874648005	0.456409951379	82
40.7206731005	0.456409951379	82
40.6204855501	0.456409951379	82
40.5314299499	0.434146049537	81
40.4869021501	0.400750201519	81
40.4423743504	0.400750201519	81
40.4312424003	0.378486299677	81
40.4089785	0.34509045166	81
40.3978465499	0.356222400999	80
40.6650133498	0.356222400999	80
42.0676390504	0.34509045166	80
43.9044108005	0.34509045166	80
46.1085369002	0.34509045166	79
48.05662815	0.34509045166	79
49.6707608999	0.378486299677	79
50.3164140003	0.411882150858	79
50.6726364005	0.456409951379	79
50.8396156501	0.467541900718	78
50.8173517498	0.467541900718	78
50.7394281005	0.434146049537	78
50.6392405501	0.423014100198	78
50.5390529997	0.400750201519	77
50.4833932499	0.38961825218	77
50.4277335	0.38961825218	77
50.3943376504	0.378486299677	77
50.3943376504	0.378486299677	77
50.3832057003	0.38961825218	76
50.4054695998	0.38961825218	76
50.4166015499	0.378486299677	76
50.4166015499	0.38961825218	76
50.4277335	0.400750201519	76
50.5501849499	0.411882150858	75
51.3516853498	0.38961825218	75
52.7765749498	0.367354350338	75
54.82485375	0.34509045166	75
57.4185981003	0.333958502321	74
58.9882030504	0.333958502321	74
60.10139805	0.367354350338	74
60.5244121502	0.38961825218	74
60.7581831005	0.423014100198	73
60.8249748005	0.434146049537	73
60.780447	0.423014100198	73
60.6691275003	0.434146049537	73
60.5689399499	0.434146049537	73
60.6468636	0.434146049537	72
61.7155307998	0.423014100198	72
63.2294760001	0.38961825218	72
65.3334145502	0.367354350338	72
67.4039572499	0.34509045166	71
69.2741248504	0.34509045166	71
70.0978891505	0.333958502321	71
70.5097712998	0.356222400999	71
70.7658061504	0.367354350338	71
70.7880700499	0.356222400999	70
70.7212783499	0.356222400999	70
70.6433546998	0.378486299677	70
70.5209032499	0.378486299677	70
70.4541115499	0.367354350338	70
70.3984518001	0.378486299677	69
70.4318476505	0.378486299677	69
71.3557995002	0.378486299677	69
72.8029530005	0.378486299677	69
74.86236375	0.356222400999	68
76.9996981505	0.333958502321	68
78.71401845	0.322826549818	68
79.9719288004	0.322826549818	68
80.4394707003	0.322826549818	68
80.6955055502	0.333958502321	67
80.7622972502	0.333958502321	67
80.7289013998	0.356222400999	67
80.6621096998	0.378486299677	67
80.5730541003	0.367354350338	66
80.6732416499	0.356222400999	66
81.4858739999	0.356222400999	66
82.8773677504	0.34509045166	66
84.8922507002	0.311694600479	66
87.4637311502	0.333958502321	65
88.9999402499	0.333958502321	65
89.9350240498	0.322826549818	65
90.49162155	0.34509045166	65
90.7031286001	0.333958502321	64
90.7476563998	0.322826549818	64
90.7031286001	0.333958502321	64
90.5806771502	0.333958502321	64
90.49162155	0.333958502321	64
90.4136978998	0.333958502321	63
90.35803815	0.333958502321	63
90.3246423004	0.333958502321	63
90.3135103503	0.333958502321	63
90.3135103503	0.322826549818	63
90.3357742505	0.300562651139	62
90.7253925003	0.278298749297	62
91.8163236004	0.278298749297	62
93.5195119498	0.267166799958	62
95.7125061001	0.267166799958	61
98.1504031501	0.300562651139	61
99.4417093501	0.322826549818	61
100.13189025	0.333958502321	61
100.4992446	0.34509045166	60
100.7218836	0.333958502321	60
100.71075165	0.333958502321	60
100.64395995	0.322826549818	60
100.554904351	0.311694600479	60
100.4324529	0.2894307018	59
100.488112651	0.2894307018	59
101.22282135	0.2894307018	59
102.992801401	0.2894307018	59
105.09673995	0.267166799958	59
107.2674702	0.24490290128	58
109.32688095	0.278298749297	58
110.2730967	0.300562651139	58
110.7406386	0.300562651139	58
110.9855415	0.333958502321	57
111.0523332	0.356222400999	57
110.9855415	0.34509045166	57
110.90761785	0.34509045166	57
110.81856225	0.34509045166	57
110.72950665	0.333958502321	56
110.66271495	0.311694600479	56
110.6293191	0.311694600479	56
110.6293191	0.311694600479	56
110.6293191	0.300562651139	55
110.61818715	0.278298749297	55
110.6293191	0.2894307018	55
110.6070552	0.300562651139	55
110.61818715	0.2894307018	55
110.61818715	0.300562651139	54
110.651583	0.322826549818	54
110.66271495	0.34509045166	54
110.66271495	0.356222400999	54
110.651583	0.356222400999	53
110.651583	0.34509045166	53
110.6293191	0.34509045166	53
110.640451051	0.311694600479	53
110.640451051	0.311694600479	53
110.640451051	0.311694600479	52
110.640451051	0.2894307018	52
110.651583	0.278298749297	52
110.640451051	0.267166799958	52
110.640451051	0.2894307018	52
110.6293191	0.311694600479	51
110.6293191	0.333958502321	51
110.6293191	0.356222400999	51
110.61818715	0.378486299677	51
110.61818715	0.38961825218	50
110.6070552	0.378486299677	50
110.61818715	0.367354350338	50
110.61818715	0.333958502321	50
110.61818715	0.322826549818	49
110.61818715	0.322826549818	49
110.61818715	0.311694600479	49
110.6293191	0.300562651139	49
110.6293191	0.311694600479	49
110.61818715	0.300562651139	48
110.6293191	0.311694600479	48
110.640451051	0.322826549818	48
110.640451051	0.322826549818	48
110.640451051	0.34509045166	48
110.6293191	0.356222400999	47
110.6293191	0.356222400999	47
110.84082615	0.356222400999	47
112.10986845	0.34509045166	47
113.82418875	0.300562651139	46
116.0171829	0.267166799958	46
118.03206585	0.267166799958	46
119.79091395	0.2894307018	46
120.4922268	0.322826549818	46
120.8484492	0.356222400999	45
121.03769235	0.423014100198	45
121.0265604	0.456409951379	45
120.94863675	0.456409951379	45
120.85958115	0.434146049537	44
120.77052555	0.423014100198	44
120.68146995	0.400750201519	44
120.63694215	0.34509045166	44
121.14901185	0.34509045166	44
122.351262451	0.322826549818	43
124.1880342	0.2894307018	43
126.9264939	0.278298749297	43
128.7743976	0.311694600479	43
130.065703801	0.34509045166	42
130.878336151	0.400750201519	42
131.19003075	0.456409951379	42
131.3124822	0.478673850057	42
131.2902183	0.500937751899	42
131.21229465	0.534333599916	41
131.10097515	0.523201650577	41
131.2679544	0.489805799396	41
132.19190625	0.467541900718	41
134.195657251	0.456409951379	40
136.3218597	0.44527800204	40
138.258819	0.434146049537	40
139.9508754	0.423014100198	40
140.67445215	0.434146049537	40
141.030674551	0.44527800204	39
141.23104965	0.434146049537	39
141.23104965	0.456409951379	39
141.16425795	0.456409951379	39
141.05293845	0.467541900718	39
140.963882851	0.500937751899	38
140.8859592	0.489805799396	38
140.8191675	0.489805799396	38
140.7969036	0.478673850057	38
140.7969036	0.478673850057	37
140.7969036	0.467541900718	37
140.78577165	0.478673850057	37
140.7746397	0.489805799396	37
140.78577165	0.489805799396	37
140.7746397	0.478673850057	36
140.78577165	0.467541900718	36
140.7746397	0.467541900718	36
140.78577165	0.456409951379	36
140.7746397	0.434146049537	35
140.7969036	0.434146049537	35
140.7969036	0.434146049537	35
140.80803555	0.423014100198	35
140.78577165	0.411882150858	35
140.7969036	0.423014100198	34
140.78577165	0.423014100198	34
140.78577165	0.44527800204	34
140.7746397	0.456409951379	34
140.78577165	0.467541900718	33
140.7746397	0.478673850057	33
140.7746397	0.478673850057	33
140.78577165	0.489805799396	33
140.7969036	0.467541900718	33
140.8191675	0.467541900718	32
140.9750148	0.44527800204	32
141.87670275	0.44527800204	32
143.43517575	0.467541900718	32
146.0957118	0.500937751899	31
148.08833085	0.512069701238	31
149.5466163	0.489805799396	31
150.5930196	0.400750201519	31
150.982637851	0.322826549818	31
151.18301295	0.278298749297	30
151.1941449	0.256034850619	30
151.116221251	0.267166799958	30
151.0160337	0.2894307018	30
150.91584615	0.322826549818	29
150.8156586	0.356222400999	29
150.7711308	0.378486299677	29
150.7488669	0.400750201519	29
150.7488669	0.400750201519	29
150.75999885	0.411882150858	28
150.75999885	0.411882150858	28
150.7488669	0.400750201519	28
150.75999885	0.400750201519	28
150.75999885	0.378486299677	27
150.7711308	0.367354350338	27
150.7711308	0.356222400999	27
150.78226275	0.356222400999	27
150.75999885	0.356222400999	27
150.75999885	0.34509045166	26
150.7711308	0.34509045166	26
150.7711308	0.322826549818	26
150.78226275	0.322826549818	26
151.0828254	0.322826549818	25
152.18488845	0.333958502321	25
153.9326046	0.356222400999	25
156.1144668	0.38961825218	25
158.518968	0.423014100198	25
159.84367005	0.400750201519	24
160.60064265	0.34509045166	24
161.0570526	0.2894307018	24
161.201767951	0.256034850619	24
161.17950405	0.222638999438	23
161.11271235	0.211507050099	23
160.97912895	0.233770951941	23
160.8789414	0.256034850619	23
160.80101775	0.2894307018	23
160.7230941	0.322826549818	22
160.7008302	0.356222400999	22
160.7008302	0.367354350338	22
160.71196215	0.367354350338	22
160.71196215	0.367354350338	21
160.73422605	0.367354350338	21
160.745358	0.367354350338	21
160.9012053	0.367354350338	21
162.18137955	0.367354350338	21
163.9290957	0.34509045166	20
166.088694	0.333958502321	20
168.05904915	0.356222400999	20
169.50620265	0.356222400999	20
170.541474001	0.356222400999	20
170.9199603	0.367354350338	19
171.10920345	0.34509045166	19
171.1425993	0.311694600479	19
171.0758076	0.300562651139	19
170.986752	0.2894307018	18
170.88656445	0.2894307018	18
170.7863769	0.300562651139	18
170.7418491	0.333958502321	18
170.7195852	0.34509045166	18
170.6973213	0.367354350338	17
170.6750574	0.367354350338	17
170.6750574	0.367354350338	17
170.68618935	0.367354350338	17
170.7195852	0.38961825218	16
170.7195852	0.38961825218	16
170.73071715	0.38961825218	16
170.7195852	0.400750201519	16
170.6973213	0.400750201519	16
170.79750885	0.411882150858	15
171.6324051	0.38961825218	15
173.65842	0.378486299677	15
175.8180183	0.367354350338	15
177.8217693	0.378486299677	14
179.32458255	0.400750201519	14
180.46004145	0.423014100198	14
180.8719236	0.423014100198	14
181.08343065	0.423014100198	14
181.12795845	0.434146049537	13
181.06116675	0.423014100198	13
180.94984725	0.434146049537	13
180.86079165	0.434146049537	13
180.7606041	0.411882150858	12
180.70494435	0.400750201519	12
180.68268045	0.400750201519	12
180.6715485	0.400750201519	12
180.66041655	0.411882150858	12
180.6492846	0.423014100198	11
180.63815265	0.44527800204	11
180.63815265	0.44527800204	11
180.66041655	0.44527800204	11
180.6492846	0.44527800204	11
180.66041655	0.44527800204	10
180.6715485	0.434146049537	10
180.68268045	0.434146049537	10
180.6938124	0.434146049537	10
180.68268045	0.44527800204	9
180.68268045	0.467541900718	9
180.6715485	0.456409951379	9
180.66041655	0.456409951379	9
180.6715485	0.467541900718	8
180.6715485	0.467541900718	8
180.6715485	0.478673850057	8
180.6715485	0.467541900718	8
180.68268045	0.478673850057	8
180.68268045	0.478673850057	7
180.6715485	0.467541900718	7
180.66041655	0.456409951379	7
180.6715485	0.467541900718	7
